accept,and,are,assume,can,cases,commit,guilty,how,i,in,innocent,many,mean,men,places,proven,rape,refuse,to,until,women,you
also,dishes,etc,it,off,out,she,shower,takes,to,wash,work
absolutely,disgusting,thats
forgot,me,please,s,tell,the,you
a,accepted,accountability,amp,concept,deaths,despite,driving,have,of,on,personal,rage,road,still,the,violations,we,while,widely,yet
disgusting,example,misuse,of,on,orwellian,perfect,the,this,website
despise,i,really,that,woman
a,are,disgrace,food,get,money,people,should,stamps
and,basis,done,either,haven,no,re,speculating,t,that,they,with,you
bad,be,handle,honestly,if,just,removed,the,they,wouldnt
ah,yuk
disgusting,fat,making,moron,name,talk,this,to
anyone,awful,else,greens,like,logo,look,not,optics,the,this,year
damn,that,ugly,was
haha,is,scentsy,terrible,yeah
after,at,can,emoji,exact,find,i,it,m,moment,need,never,panic,that,the
and,are,because,is,labour,option,other,the,they,treacherous
a,am,an,at,by,churning,hr,i,in,mcdonald,near,of,office,place,s,smell,stomach,the,to,use,walking,was,when,work
an,become,full,going,has,have,hillarysheath,hotrodarchie,i,is,issue,left,mode,noticed,ntac,panic,qadkins,since,the
all,can,daily,donaldjtrumpjr,for,is,kayleighmcenany,keep,offer,really,sacrifice,sad,safe,that,those,to,who,you
heck,heckin,holy
away,dreadful,gave,i,oh,things,those
by,fear,honestly,is,jury,my,of,peers,trial,worst
a,as,cannot,dm,don,each,fail,follow,it,letdown,not,other,party,partydelightsuk,s,such,t,we,you
am,i,ravenclaw,sadness,shouldhavebeenhufflepuff,thecatcampbell,too
but,d,feel,get,i,like,much,say,shit,that,to,too,want
any,company,control,disgusted,for,had,happen,hilton,hotels,i,if,let,m,of,one,ounce,outside,the,their,they,this,work,would
dread,i,math
baddest,chicago,fact,in,is,of,part,side,south,the,town
a,horrible,s,take,that
a,actually,because,bored,distracted,few,found,getting,had,i,kind,myself,of,rewind,times,to,was
and,calling,doom,down,fitzstockcharts,for,gloom,gundlach,move,rounding,top
a,and,hellraiser,i,is,let,lot,me,month,of,read,reboot,script,tell,the,them,this,ve,worst,you
and,because,could,drive,in,kill,lane,never,other,over,person,swerve,the,then,you
but,hideous,it,s,so
awful,is,this
be,course,discouraged,for,is,jwonder,macadamionnut,must,of,problem,progress,rhetoric,sake,substance,the,well
heyday,his,in,like,looking,mickeyrourkefp,thenotoriousmma
america,become,entitlement,female,has,hated,in,loiuselinton,martinshkreli,most,notcute,skill,some,takes,that,the,woman
a,for,how,i,it,just,like,lol,minutes,nascar,on,suppose,tangent,they,was,weird,went
cooking,ever,have,heard,i,is,on,take,the,this,worst
and,been,before,cause,god,i,knows,lbvfs,lord,me,my,she,sick,sink,stomach,sue,thank,that,to,ve,walked,wanted,warned,would
a,abhorrent,after,educated,fetus,is,killing,people,that,think,umm,viability,who
and,awful,be,before,believe,have,how,it,just,name,one,people,to,will,wonders
abuse,and,constantly,degrades,he,hits,if,it,s,you
anthonyweiner,distraction,election,gascrisis,going,is,nodapl,on,race,rape,really,riots,selection,syria,terrorism,what
its,then,treason
awardsdaily,don,going,handle,how,i,is,looks,murder,q,see,shudder,t,tate,that,to,want,way
harder,have,it,kids,partner,s,the,when,with,you
at,certainly,game,is,it,least,the,though,worst,zelda
all,dark,in,pussies,re,same,the,they
absolute,and,based,hated,is,least,only,outfit,who,worst,your
aren,battered,be,been,better,but,complain,convinced,could,despair,get,make,on,questions,so,some,t,things,to,twitter,ve,want,we,you
a,after,also,and,are,bald,chimpanzee,choked,dark,i,imgur,is,last,me,naked,nearly,out,picture,right,showed,too,washed,your
a,agenda,blasphemy,deny,even,fit,is,literally,much,not,place,reddit,religion,scripture,so,this,to,you
about,football,i,league,managers,nigeriainfofm,of,selection,should,start,talk,the,think,way,we
and,as,bigger,but,gotten,has,he,it,much,older,so,worse,yes
and,at,been,born,ffs,honestly,i,in,least,please,posting,seeing,shit,since,stop,this,tho,ve,was,we
being,i,ix,just,m,not,othrcarl,purenift,sadly,smutty,sw
a,about,bit,everyone,everything,great,has,how,is,name,negative
awkward,don,forget,t,the,tomboys
a,and,are,has,he,his,in,maturity,of,old,right,soul,the,ugly,year,you
agree,and,as,but,does,general,gotta,i,in,lil,loves,music,new,old,perspective,pump,really,say,someone,suck,who,with,your
are,hideous,name,these
act,against,always,and,essdotx,favor,forgiving,her,his,in,interest,is,jovial,negro,of,oppressor,pressed,self,the,to,upon
didn,huff,i,see,t,them,xblademania
a,bad,because,bug,downright,embarrassingly,hope,i,it,looks,s,that
a,about,all,are,baby,can,complete,cuz,do,get,guilty,horrible,i,insomniacs,like,m,n,shit,sleep,sociopath,t,the,they,too
after,as,ceiling,i,nasty,on,posted,settles,some,stuff,that,thinking,tiles,was,well
be,being,belief,called,is,it,just,law,literally,not,penetrated,peoples,rape,required,s,says,systematic,that,the,to,when
barrel,bottom,can,hangs,help,of,out,president,t,that,the,with
a,apparently,as,by,disgusting,either,its,just,posted,she,this,though,was,way,woman
for,stinks,wich,you
abt,b,cost,country,dat,de,dvlpt,elated,even,fails,for,happy,make,modi,more,narendramodi,nything,of,sardesairajdeep,seem,the,u
amala,and,crash,dressed,eat,gate,gele,go,i,in,lace,lagos,my,next,owambe,s,shake,somebody,the,time,to,waist,will
a,always,but,coming,filthy,friends,have,home,house,i,is,isnt,it,its,like,mess,my,problem,serious,twitter,when
a,all,be,do,earth,figure,firerocket,fool,gotta,i,if,is,ll,man,my,now,on,salary,taking,what,you
as,be,beckett,death,even,ghastly,hallucination,instead,is,it,may,minus,of,one,root,samuel,some,square,such,the,unreliable,zero
comment,didn,even,it,like,re,read,responding,s,t,the,to,you
concluded,disappointed,graduate,however,lestweforget,nigerialng,not,on,recruitment,tonyattah,trainee,weary,wewait,yrs
are,character,confirming,for,is,my,of,so,suspicions,thank,what,who,you,your,yuck
be,by,deceived,distrust,friends,is,it,more,our,shameful,than,them,to
a,and,are,awful,bad,bunch,buy,did,get,good,movies,moviestvnetwork,now,of,on,really,s,then,there,were,worse,wow,you
affair,an,and,are,because,betrayed,caught,cheaters,got,had,imo,not,only,sorry,spouses,their,they
a,about,adamcimmering,are,at,be,before,boro,chelsea,could,get,give,good,k,lively,os,out,stewards,the,then,they,will,work
absolutely,awful,cringe,crossover,elseworlds,every,her,in,it,made,me,much,on,performance,screen,she,so,that,the,time,was
after,an,dr,extremely,hear,i,later,like,long,messy,name,situation,split,story,they,this,to,up,very,with,would,years
guy,is,neurotic,seriously,the
blake,bls,depress,my,the
also,in,instigator,noting,op,racist,situation,that,the,violent,was,worth
always,bad,but,have,is,just,kinky,liked,people,sex,this
a,and,family,for,haha,her,him,in,murder,then,tries,twist,weird
an,drunk,girl,obnoxious,what
and,been,bottom,could,have,name,pic,the,this,ughhh,way,worse
all,black,i,m,mourn,rosalilium,to,tomorrow,wearing
mind,their,ugh
bb,congrats,fix,nicole,nose,now,petty,that,to
alone,aloneinthecity,being,better,empty,is,know,loneliness,lonely,n,right,s,than,that,what,worse
he,horrible,was
a,an,and,average,by,he,his,man,notorious,of,partly,product,so,standards,terrible,the,time,was
ad,aww,fucking,hell,no,this
a,as,be,gonna,hell,of,omg,reunion,s,that,well
aimed,at,directly,individuals,is,shirt,some,this,ugly,very
arms,girls,hairy,me,scare,with
fuck,i,in,m,now,position,right,sitting
about,anything,don,harassment,i,in,see,statement,t,that,weird
and,been,for,gotten,here,i,it,just,no,s,ve,worse,years
about,and,being,care,how,ignorant,of,others,safety,shame,the,to,well
a,against,and,are,calling,chants,detriment,don,gonna,i,lie,m,me,not,o,offensive,play,t,the,they,think,to,unnecessary
ago,ali,how,i,long,m,ninjaworrier,pattison,shudder,that,think,to,was,zimmer
a,and,because,being,bullying,conformity,different,discourage,enforce,from,is,people,social,to,way
a,at,dentist,energy,getting,is,kid,next,out,skyzone,some,the,ugh,up,visit,with
always,because,by,congratulations,decided,ever,found,is,morality,people,society,subjective,take,the,ve,worst,you
a,also,clowns,digital,fans,his,info,jumped,launched,like,out,war,wuming
combined,describing,evil,him,his,ill,images,incomprehensible,it,just,made,makes,me,monster,never,of,physically,seeing,that,through,with
awful,because,can,except,for,grows,in,it,make,mirror,only,part,people,see,shape,that,the,themselves,they,where,with
a,absolutely,an,but,colorado,dated,disgusting,do,from,guy,had,he,i,immune,it,made,of,springs,steamboat,steel,system,this,to,used,was,who
all,can,day,don,drake,drink,gets,if,in,me,morning,start,t,the,u
and,down,drink,him,it,jessicavidal,just,let,pour,sink,the,you
about,again,antidiarrheals,blogger,channels,could,data,diarrhea,didn,don,early,even,fever,first,from,hoarding,i,journals,lack,line,meds,misinformation,official,on,others,out,panic,people,post,prefer,public,read,reduce,rumors,s,science,second,short,sick,so,sold,spread,spreads,stop,t,thanks,this,to,up,videos,want,we,were
are,bull,deserves,doing,going,he,it,kill,knowing,matter,no,nononononoyes,that,the,their,they,this,to,what
a,and,from,grandma,horrible,i,me,mean,mom,my,person,protected,she,so,to,was,who,wished
bb,did,game,hahaha,hating,is,michelle,nicole,nothing,on,s,who
bloody,disgusting,is,this
always,and,awkward,barely,boring,close,every,family,hate,i,insists,it,most,my,new,no,on,re,relatives,s,the,visiting,we,year
fear,is,my,this,worst
a,act,although,but,calling,context,deeper,definitely,girl,how,if,in,into,is,it,matters,misogyny,on,put,rooted,they,thought,woman,you
a,and,bad,clothes,damn,fancy,feel,her,kid,like,makes,me,parent,this
and,creepy,don,her,if,is,move,no,on,t,that,trust,weird,you
a,and,cleaning,discharge,disgusting,do,had,her,how,i,is,not,s,see,self,she,so,that,what
a,amp,and,appealing,between,courting,deception,depressing,difference,don,it,katheartwell,pressure,s,see,some,t,the,to,vs,women
a,awful,been,broken,disguise,engaged,from,has,his,jacket,leather,made,newly,smell,stevie,the,throat,to,trying,wii,with,wonder
a,avg,but,can,costly,fee,for,get,interesting,irritate,low,mickyrivera,only,others,talent,too,top,transfer,when,you
a,baiting,by,for,gossip,idiots,is,panel,race,shitpost,tyt
against,and,anoint,billmaher,have,islamic,one,orange,radical,realdonaldtrump,right,similar,stances,terror,the,time,to,two,very,was,you
antidemoratic,democracy,eu,hate,i,institutions,like,love,s,that,the,why
about,catacombs,madman,melancholy,morgue,o,quickly,rue,the,wandered
are,eating,else,even,if,is,no,one,or,see,sickness,smell,spread,that,they,to,wants,while
all,am,by,disgusted,i,it,just,utterly
a,and,he,him,leave,like,should,slob,sounds,ugh,you
beyond,creepy,cringe,guy,it,that,was
be,can,head,in,is,n,own,place,quotes,sometimes,the,thinktoomuch,worst,worstenemy,you,your
chic,comparisons,dread,followers,guarantee,happens,i,lose,m,okeeffe,queen,royalmusing,sean,that,the,to,when,will,xima
be,can,last,t,than,week,worse
bars,but,darthvader,feel,i,inhaler,is,like,m,my,name,need,ni,no,on,puff,rap,rapper,sick,some,that,to,was,yo
a,attractive,does,eyes,great,it,person,pretty,really,s,shame,smile,themself,this,to,when
a,bonesarp,chuckle,disappointment,fakes,is,n,nhe,pout,starts,that,then,to
a,and,disgusting,it,ketchup,mayonnaise,mix,of,pickle,relish,s
a,are,cartridge,getting,i,is,m,old,signs,the,these,weed,wtf
a,are,but,cold,crazy,inside,is,just,lot,much,of,people,re,staying,this,thursday,till,to,used,we,weather,worse
a,animal,breaks,coworkers,eating,i,like,m,must,my,on,rabid,scare,srry,think,when
also,at,else,have,in,is,it,level,perception,projection,see,some,someone,that,within,worry,you
are,be,but,cali,cause,d,depressing,friends,i,in,insta,made,no,of,pics,place,rather,s,see,snaps,so,the,there,unbelievably,while
a,came,character,have,into,moment,noped,of,out,picture,racist,should,the,thing,whole,with,you
abuse,and,because,child,decent,don,force,is,just,kid,no,nutrition,parent,science,starve,t,their,they,this,to,understand,would
bed,call,do,for,geuly,i,ily,in,intend,laying,like,m,me,months,moping,my,next,now,the,to
gross,he,honestly,must,pretty,s,smell,sweats,terrible,that,when
a,alternate,and,between,full,i,insomnia,is,nights,notfair,one,seem,sleep,sleepless,to,tonight
dd,mm,to,type,way,weird,yyyy
adam,afraid,am,and,at,back,bbc,bicycle,by,davies,editorially,of,paths,price,queue,re,ron,trumped,walespolitics,you
a,awful,how,idea,just,name,no,or,was
and,dirty,he,s,sneaky,that
at,be,better,decent,going,hope,i,is,it,mean,middle,name,s,so,than,the,this,to,worst
anyone,apparently,because,can,have,he,just,needed,rape,sex,someone,t,to,with
a,actually,and,but,egg,it,like,looking,looks,on,plate,quail,s,still,weird
and,be,cut,even,for,i,love,miss,no,open,possibly,reason,recovering,spending,to,weeks,while,work,would,years
be,could,india,it,well,worse
awful,bigoted,isn,it,of,s,t,that,you
afraid,answer,but,can,danger,do,get,his,immediate,is,jaysekulow,me,not,realdonaldtrump,reveal,taxes,that,the,u,we,what,will
a,apparently,but,do,does,exhausted,exist,feel,god,good,i,job,m,me,misonorotta,n,ni,not,right,see,to,tried,weary
birthdays,dread,friday,i,m,next,old,so,super
af,and,been,creepy,even,have,if,she,this,was,weird,would
hate,i,poetry
phew
a,afraid,breathing,bridge,can,drive,have,i,if,is,m,on,outdoorloverz,stop,such,t,this,to,will,yooo
fuck,fucking,in,more,of,or,sandals,sets,socks
brexit,but,fact,future,gloom,happening,ignore,in,it,line,managing,news,not,pushing,s,simply,sky,still,the,to
better,cupidpoetry,day,i,kctwinflame,panic,para,priestess,same,tfunion,the,thing,thru,twinfjournal,twinninglife,went,yesterday
a,gbbo,horror,last,like,minute,show,that,was,watching
about,areas,care,clothes,dismay,esanderc,i,is,it,like,mother,mrsfridaynext,much,my,only,s,specific,to,very
a,about,after,but,cut,did,helped,i,in,it,just,learned,lmao,medical,name,not,school,soap,times,ton,while
a,all,delirium,during,facemask,flu,for,game,i,it,me,of,phantom,s,so,sorts,suffering,the,was
actually,aghh,bacon,can,dirtiness,disgusting,is,it,of,smell,soo,the,worst,you
and,every,fewer,for,from,good,gotten,have,hollywood,horror,i,just,offerings,old,or,shit,this,too,year
a,amount,and,fair,foul,language,no,nudity,of,s,there,violence
felt,for,honestly,i,isn,just,like,maybe,me,t,today,track
about,and,around,door,forgot,guess,i,it,like,neat,of,once,pic,same,saw,the,there,time,totally,until,was,went,yeah
can,deal,ever,have,hope,in,is,issue,life,one,only,sheesh,the,this,to,with,worst,you
and,be,but,done,dude,have,heart,insane,life,on,people,s,short,this,worse,would,your
about,hate,is,kkk,new,racism,re,sheet,talking,the,they
a,call,come,don,hellseashell,here,hey,i,ll,myself,of,over,piece,sacrifice,shit,t,to,u,wants,worry,you
i,mean,shithole,universe
animal,creature,cruelty,help,poor,right,s,some,someone,that,there,this
dad,he,her,i,insisting,is,m,not,still
as,cool,hell
a,arrive,end,guns,never,police,seem,situation,terrible,the,their,they,think,this,to,when,with
and,but,do,enjoy,enough,first,for,frustrating,glad,i,it,m,me,s,tedious,the,time,to,you
gross,name,ugh
crayons,eat,i,shit
a,buy,good,idea,relationship,to,try,yeah
better,different,it,just,not,or,s,worse
and,as,dare,disgusting,how,level,name,on,put,s,same,that,the,x,you
ahyuck,baseball,basketball,did,football,game,last,night,probably,see,that,ya,you
a,appropriate,doll,finish,for,her,more,on,seems,sex,way
af,but,didnt,does,for,hmm,i,it,me,now,posted,weird,when,work
afraid,bad,big,coward,election,hide,hillary,is,of,orangehitler,presidentialdebate,presidentialelection,skip,the,trump
a,away,bad,from,grade,like,one,s,she,shooting,sounds,synagogue,up,yikes
a,candidates,crazy,don,exist,generic,is,name,of,pessimistic,plenty,problem,room,so,spare,t,that,the,this,to,will,win,with
divisive,don,he,him,is,it,like,projection,s,so,t,they
a,amp,around,care,don,dying,evrn,f,global,hunger,idea,kashmir,kids,nation,nawazfightsforkashmir,of,revolves,t,terrorism,the,their,whole
looked,ugly
animals,aware,be,beautiful,can,cruel,emotion,having,heart,humans,hurt,is,it,makes,much,my,of,re,so,that,they,to,when
definitely,gotten,has,hatred,how,it,left,on,revealed,the,ugly
busy,his,name,nose,pass,pick,picking,shitty,that,to,tongue,too,up,with
a,bin,goes,i,in,it,loud,make,name,point,qmos,real,see,shit,so,the,they,to,toss,where
hate,i,is,moonwolf,taken,when
another,criticizes,fascist,here,much,not,see,to
about,bad,being,dark,feel,love,made,of,scared,the,to
also,and,comics,done,even,fellow,gotten,hated,have,i,movies,name,nerds,sex,stories,to,were,what,who,with,women
a,be,better,but,deal,eu,fair,good,grief,in,is,it,no,s,staying,than,the,to,worse
again,and,at,comforting,familiar,feels,hockey,it,oddly,suck,that,we
all,among,aside,else,everyone,face,fail,fake,from,hoping,in,is,it,just,niceties,parents,praising,pretending,relatives,s,secretly,this,to,world,you,your
awful,can,closed,everybody,few,has,hearing,its,managers,my,need,office,offices,personal,so,spaces,talk,they,very,without
and,bitter,comic,do,fandom,from,getting,help,i,laureliver,lululemonlime,m,need,right,so,the,they,what,wow,your
a,and,behaving,can,canada,do,good,is,least,little,of,pick,shamefully,slack,the,to,try,up,us
amd,are,back,clutterfuckedd,ducks,getting,got,i,just,realized,that,the
back,but,feeling,for,going,good,hurtful,i,leave,m,my,next,not,own,relatives,spew,superior,to,wanted,words,year
as,bs,hell,history,name,revisionist,selfish,stop,the,was,with
it,like,looks,mustache,smells,that
case,downvoted,for,got,gotchu,hell,in,lol,sorry,that,this,to,you
a,guy,is,name,pretty,weird,yeah
ew,grim,is,omg,samkingftw,so,that
a,disgusting,entry,hidden,i,in,influence,is,left,main,matchmaking,mmr,mode,paid,reason,requires,s,that,the,to,used
awful,do,enough,he,is,just,like,something,that,to
depressing,kerophibian
because,bit,for,game,i,itself,like,much,not,of,other,reasons,sao,setting,sucks,tbh,the,very
abhorrent,behavior,came,come,debate,didn,excuse,here,t,to,you
a,and,cruel,false,for,if,in,isn,not,only,preference,racist,reason,t,them,untested,your
a,and,asking,better,buddy,but,hand,her,is,it,knowing,let,no,not,out,phone,s,says,send,she,text,the,them,then,thing,to,ur,worst
are,but,i,it,kind,love,of,person,the,worst,you
a,also,arms,be,guess,i,idea,it,name,of,open,possibility,selling,terrible,that,the,would
a,accidentally,all,attention,caused,dinohyogi,explosion,hakyeon,happily,jaehwan,on,perching,s,shoulder,sulk,takes,the,tiny,to,when,wonshik
a,big,guts,horror,i,it,just,killed,like,me,movie,n,on,so,spider,sprayed,ugh
absolute,the,worst
about,cheap,fucked,just,lol,s,talk,that
america,are,because,bidets,can,disgusting,in,it,our,paper,plumbing,systems,take,toilet,use,we
all,genocide,in,indian,is,it,mark,mention,no,not,of,pak,planned,speech,still,terrorism,the,to,up,was,zaidzamanhamid
a,about,an,and,appendix,belly,button,celebrity,had,him,his,how,i,left,like,out,surgery,tweeted,ugly,with
a,burst,crying,day,for,got,it,out,randomly,then,think,together,ve,when,you
a,always,everyone,from,hear,i,is,isn,like,name,of,pretty,she,t,that,trash,version,worse
as,at,by,countries,denial,every,has,in,main,mea,other,pak,peace,referred,statement,still,terror,threat,to,un,virtually
dirt,disgusting,have,now,only,s,that,them,they,underneath,when
are,awful,concussions,damn,not,sucks,surprised,that
a,already,are,as,if,outlier,re,say,statistical,ugly,you
a,bath,in,like,looks,manure,took,you
a,all,and,condom,dog,from,fucking,girl,her,i,if,is,it,know,m,man,me,no,out,s,she,shoe,whips,with
a,and,bowers,drove,evening,for,horrible,i,it,jasonbhampton,s,this,went,while
be,clicks,fake,for,generate,going,have,is,news,nuts,padres,people,the,their,this,thought,to,using,were,who,would
and,back,came,charlkboard,found,got,how,i,idea,it,like,no,that,the,this,to,way,weird,work
awful,is,mcauley,rojo,ross
akot,but,i,is,ll,man,shot,take,that,the,ugly
a,are,don,downvotes,for,get,i,it,just,like,little,much,offended,people,seems,t
creepy,he,s
creepy,fucking,isn,t,that,well
anyway,are,choices,doesn,draft,horrible,it,matter,our,pick,t,we,where
corrected,even,i,it,s,stand,than,thought,worse,wow
a,and,are,around,bannner,both,feel,flask,for,get,just,mess,sides,them,viable
abusive,an,and,at,be,can,caustic,if,infj,is,quite,she,they,times,verbally
adam,ben,general,hear,hebrew,humans,in,man,of,refers,s,simply,since,son,that,to,weird
alot,and,around,cultivating,in,it,kindness,mean,of,out,people,seeing,start,successtrain,this,today,totally,turn,warrior,world,wow
a,around,have,in,manchester,painting,penis,pothole,seems,the,to,try,worked
shame
bones,but,felt,i,in,is,my,niche,shit,so,still,that,this
an,and,awful,dumped,ex,gave,he,her,herpies,herself,his,killed,old,person,s,she,year
a,always,because,depressing,gets,gloomy,hate,i,in,it,me,mood,outside,s,when
bees,butterflies,floated,like,now,sting,we,you
same,ugh
a,been,better,car,could,film,filmmaker,hands,hell,horror,in,lot,middle,na,of,road,that,the,ve
a,afc,flex,have,is,less,often,than,the,ve,we,weird,won,you
and,can,defensively,getting,is,name,space,t,worse
access,afp,all,before,by,cancelled,cbs,coltonflurry,even,feeds,have,i,imo,jc,live,paul,said,should,strangefacesla,vic,won
dude,goalie,he,hyped,in,is,like,most,only,prospect,seemed,the,was,world,wtf,yesterday
awful,is,this
depressing,feels,hmm,i,like,missed,more,negative,really,somehow,something,think,today,twitter
a,and,away,but,didnt,him,i,internship,it,liked,mostly,no,one,report,shooed,short,was
a,and,beats,definition,drinks,get,grown,his,irresponsibly,is,man,of,out,people,someone,then,up,who
bruno,by,fra,i,just,m,really,sadden,terrible,that,wow
be,bitter,don,t
civilians,directly,disgusting,have,it,s,targeted,they
are,do,enough,know,n,not,serious,to,what,worthy,you
a,bunch,but,calls,disagreed,have,individual,it,not,of,they,tied,together,with
a,also,be,but,could,dislike,downvoted,for,getting,him,literally,lot,misusing,of,people,possibly,re,really,so,that,the,why,word,you
a,be,being,better,description,fright,got,it,nasty,rather,she,terrifying,than,would
annoyed,at,most
a,as,care,doesn,enough,evidently,horrible,impact,is,it,large,make,population,say,t,the,to,voting
a,are,civilized,country,from,important,or,questions,shithole,these,they
at,crackers,dam,fire,guy,helped,i,least,of,poor,some,the,thing,throw,would
and,because,bumper,didn,forever,fucked,hate,her,i,insurance,it,my,repair,she,t,up,will
have,horribly,i,minion,of,seen,some,stuff,terrible,the,thought,ve,was,worst,wrong
fucking,in,it,was
a,bureaucrat,director,dull,formed,group,is,megaproject,never,nl,nlpoli,of,oppose,s,to,top
autodealerlive,awarded,bomb,f,just,lol,on,realmatkoenig,serious,the,thefrankjlopes,trophy,was
bigbosspeltonen,cutting,death,despair,nlikewise
a,about,and,be,benefits,bothered,can,care,exactly,feel,guy,him,how,i,is,it,jerk,just,little,prick,selfish,t,the,to,too,unless
are,blast,bra,get,gonna,guys,hard,my,nips,off,playing,take,these,to
a,again,around,been,come,have,i,it,m,not,only,pleasant,s,since,so,temps,then,these,while
bojack,depression,ever,horseman,saddest,season,show,the,written
all,and,for,him,hypocrisy,it,name,people,projection,s,smearing,the,work
albums,beatles,country,decided,do,final,for,gaga,going,if,is,just,lady,like,me,opera,radio,singing,the,their,to,told,which
anyway,fuck,im,it,my,on,out,seattle,to,way
but,existing,hate,i,it,nothing,s,sadness,yea
a,awful,colleagues,do,don,elementary,few,how,i,in,it,know,level,our,same,subbed,t,times,was,when
age,and,be,disgusted,fake,find,for,i,learn,m,news,reading,she,the,this,to,upon,writes
autism,condition,far,has,he,is,mental,than,whatever,worse
damn,name,you
and,bokunogio,his,history,major,momma,sad,sopranos,than,tony,was,worse,wow
ain,at,cause,here,nobody,school,should,stayed,t,ve
a,against,drives,even,got,guards,injury,lot,name,of,on,out,s,sixer,struggling,swatted,taller,the,too,was,with
algeria,blind,faith,fellow,here,in,it,people,ridiculous,s
and,contain,dictionaries,disgusting,don,is,joke,nouns,offensive,proper,t,this
a,and,avoid,feet,foot,germs,girl,guy,help,her,i,is,m,my,nightmare,off,plz,roommate,says,sink,so,sorry,the,to,turns,with,your
but,don,go,i,money,t,the,to,wanna,want,work
drink,even,it,milk,more,of,other,s,so,species,the,to,weird,well
bb,bitter,did,game,hahaha,hating,is,michelle,nicole,nothing,on,s,who
bigbosspeltonen,cutting,death,nlikewise
actual,an,nightmare,what
a,better,lot,tasted,that,ve,would
accuse,appalled,comrade,drugs,enhancing,i,m,me,name,neigh,of,performance,say,that,using,would,you
bad,because,good,is,only,palm,phone,post,pre,running,the,this,webos
and,around,carapace,feet,ground,hearing,hitting,it,just,make,me,s,sliding,that,the,thing,vomit,would
accept,btw,by,dry,eable,haug,it,jack,just,lied,lifty,lost,ms,remain,remainer,s,tears,to,we,were,you,your
about,coffee,drinking,gross,if,in,it,or,re,s,talking,tea,there,unless,you
are,even,fact,it,makes,more,questioning,that,the,worrysome,you
can,happen,ignorance,is,someone,that,the,thing,to,worst
actually,are,art,but,do,for,here,i,it,like,m,new,one,only,people,prices,sell,such,sucker,suckers,takes,their,there,these,this
as,been,ever,head,i,is,malevolent,spinnin,ve
makes,my,sick,this,tummy
a,all,and,bigger,but,eat,expensive,f,female,how,i,is,loves,rather,see,she,slim,stk,take,than,there,tiff,to,you
as,awkward,be,both,don,face,fine,her,if,it,kiss,long,shouldn,t,want,whole,will,you
cars,into,know,now,to,which,wreck,you
a,angelina,because,can,dead,if,is,jolie,keep,love,man,mourn,no,one,t,today,we
a,all,and,eamaddennfl,easports,elway,fumbled,game,i,is,john,know,of,played,sacked,same,the,this,was,where,x
are,bad,because,but,her,is,life,muricans,op,ruined,said
a,biscuit,creepy,dog,get,you
about,assault,been,being,definitions,it,multiple,not,penetrated,person,rape,re,s,sexual,shown,that,understanding,ve,wrong,you
i,look,rabid,vladfucker
don,name,our,own,shit,t,their,they,want,women
a,boy,grade,in,just,me,name,named,pencil,sixth,stabbed,stomach,the,with,yep
and,be,getting,naked,only,re,seemed,their,they,to,together,toxic,trait,yawn
and,dance,i,m,me,my,now,on,s,she,team,that,the,therapist,told,unhappy,with
are,awful,ferdinand,franz,too
depression,flakejay,here,is,ring
disgusting,re,you
assaulted,cant,claiming,even,fetishists,get,gross,re,sexually,them,we,without
all,also,better,features,for,hate,how,i,important,internet,is,missing,on,pc,phone,that,the,using,version,way,website
and,as,attitude,dream,duty,every,hate,i,if,it,personal,purpose,reproduce,s,that,to,woman
a,bigot,ignorant,imagine,isn,t,thinking
and,game,kat,weird,with
and,bringing,ibra,is,mourinho,ntfc,on,panic,rushford,worried
a,and,avoid,feet,foot,germs,girl,guy,help,her,i,is,m,my,off,plz,roommate,says,sink,so,sorry,the,to,turns,with,your
bad,s,that
bullshit,components,d,if,in,included,is,it,laws,let,not,reloading,stand,subsequent,such,that,they
absolutely,dreadful,feel,fighting,home,i,if,m,me,off,on,roll,s,something,time,today,ugh,what,with,wonder,wrong
all,are,disgusting,fucking,in,people,the,this,thread
baloch,by,challenge,day,funnier,getting,is,kapilsharmak,kashmir,laughter,more,nawaz,sharif,than
bellaissocute,cray,empire,is,lady,old,scared,that
mad,stinky
alarm,don,ever,get,i,ll,t,think,this,to,used
conspiracy,damn,days,got,grade,in,th,the,theorists,these,we,world
a,camilluddington,crawl,fact,hole,in,makes,me,nervous,that,the,to,want,youre
me,much,out,stresses,this,too,way
act,anything,believe,can,don,even,expect,for,from,go,hard,how,in,is,just,motions,moving,people,shouting,slogans,t,the,them,they,those,through,truly,what,you
bussing,got,has,konanplaydirty,me,nahhhhhh,snap,story,up
alone,flashbacks,girls,gives,horrible,me,screaming
a,absurd,attacked,attacks,bump,conservative,directed,fist,for,fox,from,media,name,news,of,the,top,very,were
are,fucked,labor,laws,up,us
a,about,and,be,can,catch,change,hang,is,it,ok,onto,reason,shit,t,take,this,we,whiney,why,you
and,clear,creepy,how,is,it,like,make,more,name,posts,these
a,aht,dan,eat,eban,ferk,pizza,troo,wif,worse
oh,schade,vivaonline
a,an,boiling,burns,day,food,gets,good,hot,hour,later,me,mind,myself,n,never,nme,on,s,sick,spills,such,today,water,wow
fucking,hair,his,horrible,looks
a,age,cool,dads,get,girl,her,it,legal,molested,she,someone,t,this,thought,to,was,wasn,who,with,young
are,bet,btw,hit,i,is,know,ll,m,next,pnw,so,there,time,to,up,wtf,you
crying,dealingwithfailure,failure,katherinemansfield,laughing,love,this,too,while,works
at,enough,even,for,info,is,least,lindafrum,lovers,low,more,of,point,sadly,say,selfie,the,them,this,voted,what,who,will,years
a,and,had,i,in,it,just,like,m,mood,now,place,public,really,right,s,swings,tiring,ugh,yeah
accounting,am,and,but,feel,have,horrible,i,mentally,not,okay,physically,today
eyes,the,weird
do,everything,explode,i,in,inevitably,must,not,script,this,understand,why
bill,do,features,going,hate,hi,iconceitedone,keeps,plan,re,roberts,that,unhappy,unique,up,want,we,what,with,you,your
abysmal,accept,evidence,is,less,level,more,of,or,that,the,wow,you
and,depressing,even,fancy,fundraisers,get,her,hillary,i,started,t,with,won
a,be,faze,in,lot,of,sexual,tension,there,would
full,of,pant,turd
and,don,even,hesitate,over,past,right,running,see,t,them,through,walk,way
by,compassion,destroy,he,in,is,name,saved,society,that,the,to,trying,very
are,bar,be,brunei,cars,disheartening,driver,from,grand,is,it,known,let,of,part,really,roof,s,same,side,stolen,the,this,vitara
a,accidentally,down,engine,had,her,into,just,my,of,outside,poor,problem,small,sunk,teeth,the,vein,were,who,with,woman
account,an,anonymous,awe,bad,behind,hate,lmao,me,must,person,shit,so,talk,this,to
a,feel,leftie,on,right,swiping,weird,would
blocking,braindead,but,cancer,checkline,for,got,horrible,in,is,lane,line,minutes,most,of,part,people,pure,sore,story,stuck,that,the,wow,you,your
bc,close,for,in,is,it,one,really,reason,s,some,state,the,to,vancouver,wa,weird
disgusting,that,truly,was
felt,from,game,guilt,horrible,playing,rainbow,rainbowsixsiege,this
disgusting,hatred,it,pure,s,unadulterated
a,all,any,futuristic,gibberman,jersey,mlb,of,remember,scotthoward,terrible,those,tried,were,when,y
apartment,be,bet,condo,disgusting,even,ever,he,i,inside,never,that,will,you
brexit,err,gloomy,i,mio,not,only,people,remain,skynews,wasnt,were
a,bitch,can,go,guys,here,just,of,son,stand,t,there,we
are,but,carlymarierozy,children,it,makeupsue,making,now,our,own,s,sad,same,terror,the,to,vulnerable,we
animals,beginning,hated,like,name,of,religion,since,the,them,they,treated
australia,awfully,but,edit,here,in,name,no,similar,situation,the,to
burn,car,cheaper,the,to
afraid,am,asleep,fml,i,key,low,m,might,miss,not,sleeplessnight,sleepy,something,think,ugh,why,yet
a,derogatory,term
arm,but,guys,hand,head,is,liking,name,next,not,of,possibly,really,second,that,the,trajectory,weird
bismol,compositional,garbage,has,hipster,is,looking,more,my,no,pepto,than,this,trash,vomit,worth
at,crap,ever,finding,google,have,is,like,name,obscure,p,terrible,this,tried,you
grossest,is,me,part,the,to,toenails
alarm,alive,and,anything,asked,burning,clock,door,fire,flatmate,i,if,knocked,m,morning,my,n,on,or,ringing,set,this,was
arcdental,chewing,fordays,turlock,what
an,autistic,by,do,fear,immense,like,meltdowns,much,nothing,of,sounds,they,to,triggered,vomiting
good,horrible,look,name,we
a,alright,bunch,don,fucking,give,just,of,scum,shit,t,they,understand
a,accountant,and,coming,ex,free,from,lawyer,likes,money,more,s,see,she,there,trouble,your
against,as,been,church,definitively,evolution,has,insofar,it,ruled,the
a,as,circles,clergy,donatists,dreadful,evangelical,fmr,had,historic,i,if,in,laurakfillault,my,point,the,thomashcrown,what,wonder
all,depression,don,honestly,i,it,itnevergoes,just,know,m,most,of,so,stop,t,the,time,to,unhappy,want,why
a,as,dicky,get,going,guys,has,i,ladies,line,luck,m,me,my,perpetually,pick,sticky,to,up,use,wish
for,happy,he,here,imagine,instead,name,not,of,s,sad,so,team,this,ugh,with
and,ever,from,got,grounded,had,i,it,once,punishment,reading,the,was,worst
a,he,i,is,mean,president,terrible
at,awful,damn,even,god,level,manages,mufc,play,rojo,still,this,to
as,can,fast,government,infrastructure,our,progress,shame,t,the
dread,drive,every,i,this,wednesday
cat,coyote,eyes,him,his,jump,off,ouch,s,takes,that,the,when
a,and,anyway,asylum,bad,come,deport,don,guys,in,let,like,need,seekers,so,sounds,t,the,wall,we
amexuk,an,bonus,card,cashback,comes,credit,end,forward,i,look,mbna,of,really,sad,shame,that,the,to,used,year
diazepam,first,it,just,nah,often,s,since,so,t,that,they,try,used,weird,wouldn
ew,honestly,horrid,i,is,look,my,photo,school,so
about,any,being,borderline,cultural,depth,it,just,lacking,looks,not,s,vulgar
a,after,am,but,disgusting,dont,feet,get,i,my,smelly,still,tbh,think,while
but,effective,weird
banging,doesn,guy,he,realize,s,she,t,the,ukulele
a,go,to,ugh,way,what
already,blocked,he,his,never,number,supportive,was,yup
a,acceptable,agree,are,boy,but,disgusting,double,ever,girl,goes,is,it,nuts,perfectly,present,s,sexualised,somehow,standards,the,whole,world,young
a,and,better,ceiestialfoxx,don,ending,even,expected,i,it,just,movie,part,remember,scary,t,terrible,that,the,very,wasn
a,future,is,kid,killer,serial,this
a,be,challenge,formidable,hodgson,jdwmaguire,northampton,on,roy,shudders,they,town,will
a,being,combination,disgusting,example,is,of,outright,perfect,something,terrible,that,the,this,without
ass,shit,shut,soft,that,up
all,alone,and,ball,bitch,bone,dun,left,mah,me,my,rasty,she,squeeky,took
allow,children,danger,disgusting,do,harm,in,is,it,more,nothing,people,put,than,the,them,there,those,to,unless,who
a,garbage,post,what
as,have,hell,jackets,many,musty,people,re,so,that,the,they,we,wore
after,and,be,but,damn,happy,here,i,like,m,news,rejoicing,so,supposed,this,to
asleep,bed,but,class,easy,fall,hard,in,insomnia,it,rocktheretweet,s,teamfollowback,to,true,whileyouweresleeping
a,abhors,all,and,awaits,away,blow,do,fly,friend,i,is,matter,may,morrow,my,no,now,somber,that,the,to,where,winds,world,you
base,been,feel,from,hearing,i,is,like,list,off,this,ve,way,we,what
don,fear,i,know,make,more,or,pakistan,t,terrorist,terrorstatepak,their,what
a,first,guy,had,it,kay,last,literally,me,re,sail,say,ship,some,sub,successful,sunk,tell,this,will,with,working,would,you
always,been,boss,brand,change,coconut,first,hasn,isn,it,like,never,penalty,personal,probably,s,t,tastes,the,they,this,tied,to,tree,years,yet
a,boys,don,grafx,spell,t,to,turbo,way,weird
because,crying,flashbacks,funny,gives,it,me,mom,my,record,she,that,thought,to,ugh,used,was,when
are,disgusting,you
an,appeal,be,fallacious,i,is,just,logic,may,nature,of,out,pointing,that,the,to,true,was
and,apps,at,being,depressing,even,events,facebook,for,have,i,in,interesting,is,it,least,logging,missed,there,they,two,want,without
a,actively,because,discourage,even,has,impact,it,job,just,lot,negative,of,on,one,part,studies,time,universities
an,and,because,disgusting,doing,humanity,insult,is,re,to,what,you
be,done,favorite,has,i,in,is,kid,least,mouth,my,our,spit,than,thing,think,up,vomit,worse,would
all,allowed,and,as,be,complete,complicit,disgrace,everyone,happen,in,is,punished,questioned,should,they,this,to,who,why
a,and,bag,but,can,depressive,episodes,exercise,help,i,it,last,make,manic,mixed,night,reading,s,the,up,was,with,worse
are,even,jokes,lately,more,terrible
able,bad,be,d,ex,feel,for,guys,help,i,in,like,mos,these,to,trouble
alright,but,conclusion,did,dude,fuck,funniest,in,internet,it,just,make,me,not,off,ok,on,s,smile,so,the,thing,you
definitely,it,suck,would
a,and,determining,for,funny,go,hilarity,how,in,it,large,offensive,over,part,plays,presentations,propensity,ratio,s,such,thoughts,well,will
a,bar,developed,ever,him,makes,name,none,of,owner,pedo,ring,sports,team,tenure,that,the,under,worst
from,shitpost,the,uncultured
a,all,and,brat,croissant,crumbs,eat,got,happened,i,just,left,like,mom,nosed,nothing,on,over,rude,saw,snobby,snot,subway,the
a,bet,for,i,in,jar,left,like,mayo,of,open,she,smells,summer,the,week
but,it,just,s,speculation,yikes
a,and,bigot,daily,hate,is,name,site,wire
certainly,it,kind,of,reeks,same,scam,the
better,disgusting,finds,hope,i,much,re,somebody,than,wife,you,your
am,brendonati,convinced,done,have,i,might,more,not,panicatthedisco,post,should,that,the,videos
an,and,conspiracy,defend,dictator,evil,grow,murdering,pedal,so,theories,up,whataboutism,you
all,and,biker,girl,hot,is,really,suit,that,this,tight
from,on,sporadic,the,tube,tweeting,wifi
after,but,disliked,first,her,i,liked,name
cause,eat,garbage,he,likes,to
a,already,antwaarps,back,generation,integrated,not,scarf,second,speaking,then,unlikely,wearing
age,do,gross,honestly,i,kids,really,seen,stuff,that,ve
am,and,by,courseness,culture,each,every,i,lindsey,log,of,on,our,pics,saddened,that,the,time,to,view,vonn,website
a,also,an,and,at,chaser,convinced,dumb,escalation,from,he,incredibly,is,s,shooting,shouting,someone,spree,that
are,fail,fearing,fury,in,ll,lost,that,the,you
and,breaks,for,goal,heart,my,name,nothing,on,shots,six,still,this
creature,hideous,poor,you
a,fact,fucking,half,has,is,level,music,no,pain,real,the
felt,for,honestly,i,isn,just,like,maybe,me,sad,t,today,track
a,down,dumbing,for,it,lot,makes,of,oh,sense,shit,thanks,that
a,amp,bc,being,dean,don,i,it,lot,me,much,my,nomore,of,on,out,ppl,really,saving,snap,so,t,take
about,but,d,full,grungy,hard,her,i,it,over,redhead,take,talking,the,this,to,tummy,was,watch
bad,certainly,explain,pretty,s,that,things,though,would
about,either,hard,i,ignorant,in,initially,it,mistake,moneyjay,my,nothing,pic,race,sad,said,tell,then,there,to,took,u,was,way,your
a,depressing,get,her,hold,of,to,way
and,any,doesnt,his,horrible,just,of,problem,removes,solve,strongest,tool
a,afternoon,been,before,conclusion,depressed,grim,haven,here,i,if,is,lots,of,t,tv,wasn,watching,whataloadoftat,while
and,bad,been,being,def,distracted,dsj,has,how,media,name,on,roy,situation,the
any,don,i,incest,lesson,moralising,of,on,practice,t,tells,that,the,think,us
calling,genocide,hypocritical,is,kettle,pot,the
anyway,her,natural,rape,selection,so,will
and,awful,carr,cry,jimmy,makes,me,shiver,to,want
actually,advise,and,awful,because,don,even,everyone,i,is,it,just,kevincanwaitcbs,or,t,that,to,wait,watch,would
about,be,by,distracted,eating,friends,i,just,laughter,like,mhchat,my,n,other,sadness,shopping,sometimes,talk,times,to,want
a,byekandace,can,cheer,for,jigaboo,t
all,bathe,decided,do,egg,had,he,his,instead,it,make,name,s,that,things,to,weird,with
or,sparkling,still,terribledebatequestions
and,bubble,burst,by,finding,gay,is,kindadontmind,kylexy,married,nochance,out,re,thatmoment,watching,worstcelebritycooks,you,your
early,exactly,i,in,it,m,my,s,the,this,worst
bored,boredaf,country,countrygirl,kik,kikme,kikmessage,leave,rn,snap,snapchat,snapchatme
away,centrism,from,fuck,getting,honestly,i,me,s,she,started,the,what,wishhhh
a,am,an,and,angry,atheist,be,disgusted,god,i,idea,makes,me,not,of,prefer,religious,so,the,to
an,and,i,man,odd,princess,story,the,thought,toad,was
a,crap,load,of,what
been,commentators,cringe,ever,forced,have,i,jokes,listen,of,one,so,the,these,to,were,worst,worthy
adrenaline,bc,be,breaths,cairissian,could,deep,depending,from,if,not,oh,or,re,regular,s,shaking,take,that,the,varies,weird,wow,you
all,and,anything,done,has,have,literally,much,name,of,said,than,them,worse
by,far,is,one,the,this,worst
at,baby,can,cute,disgusting,even,face,her,his,husband,i,in,is,look,shot,t,the,when
a,child,just,murderer,originally
argument,do,down,dumb,hate,i,more,need,really,speak,text,than,to,want,you,your
a,ago,am,and,at,awhile,bad,choices,cold,dark,ever,friend,i,in,it,made,movie,night,nightmare,of,one,request,the,ve,was,watched
gorgeous,hate,i,s,she,so,too,you
a,actually,allergy,ants,bro,fire,fuck,i,lot,me,one,see,this,too,up,will,you
ago,and,back,from,got,grand,i,in,just,min,no,on,one,out,problem,the,weird
birth,disgusting,given,have,it,just,love,on,prey,s,so,that,they,to,women
detroyed,dude,kaaba,nothing,s,that,the,three,times,was
amazing,brock,give,is,it,money,nfl,of,qb,really,s,some,texans,the,these,they,to
get,i,jealous,name,of,sometimes
air,an,and,away,bad,comfortable,debtor,everyone,ftfy,government,homes,in,is,open,prison,s,slaving,stand,the,their,to,up,weak
been,better,colors,have,i,in,like,might,new,of,old,ones,owl,significantly,some,the,worst
drink,made,me,my,spill,this
always,and,arrow,at,confusing,didn,each,i,is,it,least,like,more,name,randomly,shining,still,t,there,think,this,watched,week,year
accounting,and,environment,hate,i,love,people,the,work
dynasty,missed,the,tigers,wtf,you
american,because,in,intervation,lost,of,porkistan,punjabified,stopped,talk,terribly,to,we
and,aquaria,cracker,delusional,humor,is,miz,of,parts,pettiness,problematic,shadiness,slightly,sometimes,the,trixie,unprofessional,worst
because,boring,both,but,find,i,name,probably,secondly,so
alone,anyone,ashamed,be,else,expecting,fruitcart,know,knowing,let,of,oughta,that,to,you
and,are,basically,beer,but,fucking,garbage,in,jerseys,just,public,religion,sports,with
a,and,but,discrimination,feel,happen,he,him,hire,if,into,makes,management,ok,position,suit,to,uncomfortable,waiting,what,women,you
awkward,being,everyone,feel,i,just,m,that,timid,to
a,and,freedom,gotten,in,it,lot,new,not,s,since,worse
and,call,complain,do,fear,ill,lawyers,legislator,mannered,more,politicians,public,servants,tend,than,they,to,your
and,bored,fat,full,galore,i,m,overweight,ridiculously,rolls,so
a,be,chipper,d,fuck,hamburger,kind,making,needs,o,of,person,plain,s,sack,sent,shit,that,the,through,to,up,who,wood,you
am,couple,glad,i,jerks,made,move,that,them,were,you
a,bad,isn,it,its,joke,no,sitcom,t
frisky,is,name,season,so,this
a,ads,brand,buy,coconut,d,doing,good,i,is,it,keep,never,palm,these,this,understood,weird,why,without
depression,sucks
all,as,because,do,doesn,fox,grounded,guy,hunting,in,it,jealousy,left,like,of,policies,s,t,the,this,toffs,with
a,absurd,an,at,bar,can,date,feel,for,friends,least,like,nightmare,of,on,or,searching,series,someone,through,tinder,to
both,but,can,cases,do,has,in,japan,many,nothing,on,stay,t,this,to,topic,with,you
a,best,comparison,crowder,lot,maybe,more,my,not,potential,than
a,about,are,his,i,joke,mushroom,penis,photos,the,think
all,an,and,anxiety,at,bad,energy,feel,here,high,i,in,is,m,my,office,on,pick,prisoned,realized,time,up,ve,when
a,bad,disgusting,feel,for,s,she,snob,the,workers
a,algebra,because,complete,degree,i,ideologically,it,just,let,like,m,maths,me,name,opposed,s,shit,t,then,thing,this,to,well,wouldn
are,ccm,days,feel,gloomy,i,listen,mc,mode,n,nbogum,nchurch,often,oppa,song,spiritual,these,to,what,you
exploitation,hate,i,much,of,other,part,porn,s,so,than,that,the,why,women
and,chairman,curvy,demands,he,his,in,just,masculine,men,s,taste,that,the,women
a,and,anime,bad,blatant,fulfillment,garbage,genre,if,insert,is,isekai,just,life,oh,only,pandering,self,the,too,was,well,wish
can,define,existence,ha,into,something,t,you
about,by,days,diapers,dirty,is,judging,month,my,of,old,that,worth
and,bad,clash,colorful,doesn,find,here,hope,i,it,just,stuff,t,too,weird
a,bullet,case,dodged,he,here,is,psychopathic,scenario,worst
all,am,damper,day,from,going,i,my,now,on,out,pajamas,people,quite,so,stealing,the,things,to,wear,work
always,grieve,i,idgi,insensitive,s,she,so,whenever
a,and,bernards,buzzfeed,cujo,don,fear,forget,of,simonschuster,st,stephenking,t
a,didn,dumpster,fast,going,he,his,horrible,leg,looks,lose,lucky,on,ouch,t,tagged,that,the
but,j,k,mess,the
deal,easily,leafs,now,on,right,the,worst
and,are,before,bring,despair,die,doubt,down,dust,enemies,fear,ground,slowly,the,to,turn,us,we,which,worry
at,bad,grandma,is,math
all,are,both,extremes,hear,it,just,kind,loud,of,on,s,scary,sides,totally,when,yah,you
a,but,couldn,down,eric,he,help,him,hurt,in,it,just,laugh,lot,made,pain,rowillfindyou,sit,somewhere,t,that,though,to,wanted,wince
his,out,sticking,tongue,ugh
is,this,wack
a,but,count,dream,have,heard,high,i,just,maybe,midichlorian,of,s,that,the,ve,weirdest,you
am,awful,because,for,i,is,so,song,sorry,that,truly,you
a,and,are,calm,down,ever,relax,say,the,things,to,woman,worst
a,accent,and,apparently,have,he,i,m,s,scottish,supposed,to
after,and,awful,dance,dancing,my,on,own,rip,song,that
bad,layers,of,three
a,and,bunch,consider,good,it,like,magatards,more,of,racists,s,sexists,that,unless,vaguely,veiled,what,you
burn,can,disgusting,hell,how,in,people,those,vile
ads,even,more,trashier
ass,irony,lazy,my,oh,the
a,about,cant,talk,the
after,already,and,awkward,good,have,i,idk,it,know,oh,one,s,say,then,they,to,what
a,behind,channel,from,has,house,my,point,runoff,she,sink,tastes,than,the,water,way,worse
a,and,but,can,claim,day,demand,during,free,go,guangzhou,home,in,landlords,quarantine,refuse,rent,some,stay,supplies,t,they,to,waive,want,yuan
and,disputed,in,india,invade,invitadated,is,land,our,own,pakistan,pok,sardesairajdeep,terrorstatepak,times,to,we,which,why,worry
be,fo,history,in,magic,might,orlando,the,this,worst
all,garbage,is,isn,issue,it,just,like,s,t,that,the,there,to,use,weird,word,you
a,arrogantly,customers,different,fits,from,here,oblivious,story,the,viewpoint
been,could,describes,do,have,just,more,much,tag,the,vicious,views,worst,your
could,gone,have,possible,route,the,they,very,worst
an,are,awful,go,guys,had,holy,i,m,roleplay,scumbags,shit,so,sorry,such,those,through,to,you
ha,highlight,i,just,nasty,saw,that
and,glory,gruesome,i,kills,though,were
and,are,conservatives,doing,gross,immoral,is,sex,them,they,things,to,unless
beguile,castorated,children,disgusting,filthy,gonna,got,i,it,name,not,of,our,pedophilic,re,s,scum,to,trying,who,work,you
a,at,bit,disgust,for,it,little,more,myself,of,point,s,scared,simmering,this
a,and,barroso,between,commission,eu,getting,going,goldman,inflicted,irishtimesbiz,is,itdominiccoyle,problem,self,serious,the,this,to,very
against,aren,as,attacks,citing,countries,don,for,infidels,muslim,not,reason,refugees,t,taking,terror,terrorism,understand
bed,creepy,find,her,in,is,it,leave,make,more,morning,on,only,stand,table,the,to,way
ampalaya,anniversary,are,bitter,can,happy,how,i,not,paitpaitanangpeg,tell,u,when
forever,form,heartbeat,is,longing,loss,memories,my,of,on,past,sadness,shape,stumbling,things
actually,and,anyone,can,daily,do,feel,getting,i,its,takes,tell,that,the,train,worse,you
a,been,discovering,fixed,grammar,had,have,history,horrible,in,instead,is,of,past,point,should,simple,single,something,this,was,which
always,dirtiest,is,name,psychopath,the
disgusting,so,that,vwp,was
a,arround,big,doorjambs,drop,from,gleeful,he,like,likes,on,or,people,ride,s,shoulders,sometimes,spider,them,to,unexpectedly,vents
absolute,an,it,month,of,on,release,remember,shitstorm,sub,the,this,was,you
and,creepily,has,last,one,reproduced,the,until,wed,yeah
able,been,for,get,gone,grapefruit,has,marksandspencer,not,squash,to,unhappy,weeks,where,your
always,bad,been,guy,my,they,ve
all,capitulate,condescension,shame,spell,that,to,wrong
and,bad,i,on,outside,smelled,the,they,thought
affliction,all,and,ctv,disease,each,from,grandmother,hard,her,horrid,it,lraitt,maternal,my,of,on,powerplay,s,sisters,suffered,this
a,btc,coin,is,shite
am,does,he,i,suck
have,i,induce,may,mine,multitasking,of,restless,seeds,sleep,these,to
a,be,but,i,ll,pity
and,i,love,mom,oh,our,responds,sad,sav,she,tells,you
all,displeasure,it,of,or,our,pieced,shakespeare,with
a,also,do,have,in,issues,no,vpn,weird,winnipeg,you
it,nice,s,so,ugly
are,done,fucking,helping,motherfucker,name,not,racist,re,society,yet,you
garbage,like,looks,that,total
aren,by,citizens,don,elected,first,interests,naturally,officials,people,put,s,so,t,the,they,votes
a,about,classic,disease,foreign,is,people,scary,spreading,talking,trope,vile,xenophobic
are,at,be,but,citizenship,families,getting,immigrant,it,or,same,the,there,time,toward,weird,without,working,would,yes
awful,everything,for,glitter,is
a,do,fucking,game,have,how,ice,is,powers,pretend,think,this,to,wikihow,you
a,actual,an,and,anyone,friend,is,name,narcissist,not,raging,terrible,to,writer
bro,bsmarz,haha,man,married,mizzymaxx,s,sadly,she,ssmik
against,fighting,haideralabadi,hassanrouhani,in,iran,iranian,iraq,iraqi,is,of,political,s,terror,was,with,ykrahs
a,decks,dirty,doozy,got,retired,secret,the,they,until
a,all,and,behind,break,csnhayes,few,hard,has,he,him,offense,only,since,star,the,understandable,when,wins,zero
and,are,drink,hey,maybe,next,people,that,their,there,too,try,urine,who
absurd,also,amymek,could,country,crying,didn,feel,for,future,i,if,is,laugh,like,now,of,our,right,so,t,the,this,wakeupcall
a,after,dead,drag,for,i,it,moment,mongoose,one,other,the,thought,was,watching
be,children,expected,headline,mother,per,population,shrink,the,to,weird,would
are,casuals,faved,gag,has,making,me,of,some,that,the,tweets,vic
comment,in,killed,me,pieces,rip,this
and,at,burps,carbonated,even,gives,half,her,it,only,point,s,still,talking,this,those,though,weird,wet
and,babies,easy,eats,goes,hear,i,just,of,on,punches,puppies,rest,she,sundays,the,week
and,approach,are,could,country,divided,fight,how,in,martyrsnotbeggars,our,own,pakistani,so,terrorism,we
an,awful,re,troll,you
a,he,heard,i,is,livesport,looks,miss,pmo,something,talk,weary
and,are,leave,married,not,ugh,you
and,breeders,confusing,have,ive,minds,oh,seen,such,that,ugh,weird
back,behind,every,girl,haunt,i,left,life,loves,me,nit,of,part,s,that,thought,to
and,bible,fuck,hears,is,like,name,shit,this,verses
actual,an,cheating,disgusting,for,is,it,s,subreddit,there
article,is,much,nonsense,pretty,so,the
a,and,but,can,difference,games,hate,having,him,in,it,like,make,name,say,this,to,veteran
and,didn,i,ice,isn,it,like,mean,name,nasty,on,really,spirited,t,thought,was
and,area,at,cars,drivers,fateful,i,imagine,in,incompetent,innocent,intersection,into,it,just,keep,like,live,one,plowing,s,same,that,the,to,who
amityaffliction,an,dailyfeels,drive,from,home,kind,nightmare,of,today,work
despair,ha,look,lyricconcert,of,susanbrodigan,the,yes
and,are,be,cats,deserve,don,pets,repulsive,t,they,to
again,am,badkarma,contact,cs,having,hope,i,in,is,issues,lacking,out,over,reaching,severely,technical,the,to,unhappy,your,yourkarma
a,brother,can,i,my,phone,shower,smell,take,through,you
despises,oh,she,them
almost,as,beak,followers,her,ilovetailgating,iq,is,jaredwyand,low,of,on,shocking,that,the,woman
a,and,are,bot,crimsonwulfe,especially,feel,it,makes,not,person,real,s,sad,super,talking,to,when,you
amp,be,charlotte,cnn,donlemon,must,n,northcarolina,ovet,protests,rejoicing
abo,dirty,you
a,dirty,is,kimono,of,one,them,wearing,weirdo,well
a,awkward,by,day,me,myself,n,nconclusion,nme,on,ornot,picture,pictureday,smile,smiling,stop,taking
against,anything,apartheid,bad,blame,decided,dont,everything,for,have,her,him,is,kinda,mind,next,speaks,that,the,they,to,which,whole,years
gross,his,i,it,s,stuff,watch,youtube
brother,came,dad,incel,is,out,ugly,upset,you,your
after,another,even,farting,i,makes,me,shower,want
humidity,in,is,sydney,the,worse
brooklyn,driven,i,is,just,north,of,one,se,st,th,the,ve,worst
ever,radio,worst
awkward,but,i,is,m,sad,stupidly,thing,to,wanted
dark,god,jeezus,macmacm
back,blue,color,confirmed,it,keep,like,re,royal,s,scheme,seems,switching,teasing,that,their,they,unofficially,us,with
and,bullshit,doesn,even,like,matter,name,recycle,shit,signature,smells,t,this,win
but,disgusting,fascinating
because,bird,box,direct,dirty,feel,had,i,it,movie,only,put,s,saw,streaming,the,to
a,attention,but,fly,in,is,it,lot,of,put,s,someone,soup,thing,tiny,very
his,million,name,ridiculous,tenure,throughout,to,went
be,but,ddr,guy,hate,it,korean,not,off,pump,rip,s,that,the,to,up
a,come,cunt,defending,deformed,disingenuous,droves,in,masculinity,neckbeards,out,re,their,undeveloped,you
don,name,t,want,you
backtoreality,believe,can,days,got,i,left,off,only,t,ve
almost,also,as,billion,complete,crisis,dryupquick,for,high,hilarious,is,itll,joke,opiod,pennies,pools,risk,the
a,book,cazual,gun,itsagunalright,like,looks,me,scottinsc,shaped,to,wear
depression,do,have,messyourself,why,you
a,acting,been,before,blood,bp,bucks,charged,check,doctor,for,has,high,la,little,medication,my,pressure,renewing,s,she,weird,wife
awfully,bars,gloomy,i,if,is,mind,on,prison,put,ribbons,some,the,this,would,you
a,ain,artemis,be,but,forever,might,my,name,she,suckers,t,waifu
are,comments,disgusting,her,i,m,me,mother,my,of,reminds,so,sorry
design,facebook,god,has,heyday,in,its,me,myspace,of,remind,s,started,to
a,attacks,electing,for,future,go,good,jihadist,job,london,luck,mayor,muslim,nice,paramjitgarewal,sadiqkhan,terror,to,way,with,your
christy,despondent,doge,e,fresh,i,m,rtr
better,bitter,friends,get,is,it,life,moving,seems,some,than,theirs,when,your
a,gloomy,higher,it,of,serves,than,the,village,wolves
any,don,filthiest,hope,in,menus,re,restaurant,t,the,they,thing,touch,you
a,and,calm,colt,condescending,creepy,hate,i,in,is,it,like,psychopath,s,so,talks,that,the,voice,way,weird
both,can,excuses,lifecoach,make,or,regret,t,time,you
always,an,and,dirty,home,i,in,it,like,messy,never,once,outsiders,s,there,treat,urban,village,worked
being,creepy,goes,in,is,like,nothing,out,power,shower,the,there,when
after,and,barb,cause,dropped,gotham,her,i,made,main,off,pine,relationship,s,stopped,tabitha,the,they,watching
bathroom,better,clean,just,need,the,they,to
almost,butter,i,it,nasty,peanut,straight,the,to,trash,tried,ve,vomited,went
be,because,believes,can,clearly,horrifying,it,kidnapped,or,our,prostitutes,raped,s,so,society,still,t,that,this
cruel,down,dude,is,my,take,this
blame,broken,how,i,is,madden,tdsnation,this,year
oh,yuck
at,have,home,i,should,stayed
anything,besides,ever,fans,fucked,have,implying,packers,siblings,their
a,and,falls,finds,name,of,person,s,the,there,this,version,weird,where
a,an,as,feeling,gut,have,just,ll,nothing,official,see,should,though,today,update,we
a,act,bless,disgusting,end,every,ex,from,has,her,honestly,hope,horrendous,horrific,i,life,lived,name,perpetuating,since,sounds,that,this,woman
after,are,be,gonna,good,horrid,mine,next,rn,tbergg,week
from,georgia,hag,it,more,name,no,old,suck,ugly,you
albums,center,else,fans,he,in,left,never,nothing,one,only,poorly,s,sell,stage,stubborn,the,vain,who,worked
a,get,getting,keeps,name,rebound,set,to
a,and,can,confirm,dated,fan,from,i,is,much,pens,swb,thing,this,very,weird
and,celebs,culture,entirely,feed,hookup,horrendous,is,its,just,news,on,page,porn,shit,snapchat,stories,the
a,are,conservatives,creepy,extremely,fudds,gets,gigantic,girlfriend,i,lot,my,of,or,out,point,s,that,this,triggered,uncle,when
actual,and,awful,bits,cooked,hilarity,ingest,no,ok,raw,safe,taste,tasted,that,the,to,were
agree,and,brutal,content,i,in,it,its,responses,s,the,thread,unfortunate,would
account,an,apple,at,because,cellular,come,consumer,customers,have,i,in,iphone,m,mad,me,mine,on,set,that,the,their,they,to,up,use,using
disgusting,gets,had,horny,i,incognito,is,it,new,opens,secretly,sub,tab,this,ve,with
about,anyway,better,care,don,exposed,feel,has,i,it,made,me,media,on,say,so,social,t,to,ve,what
has,many,name,people,shook,so
being,creepy,goes,in,is,like,nothing,out,panic,power,shower,the,there,when
at,depressing,for,get,gym,half,hate,have,i,in,it,knowing,morning,s,so,the,to,up
and,cringe,did,hard,i,if,my,name,oh,parents,real,that,was,would
i,my,phone,picked,shocking,so,up
a,buddha,donors,earns,grants,hope,joke,maybe,merit,that,them,think,this,what,you
filthy,please,stay,there
also,any,choose,common,derogatory,for,generally,had,it,meaning,nearly,or,other,people,s,sense,taste,will,with,word,years
a,by,campus,college,feel,i,old,on,surrounded,undergrads
and,at,completely,down,end,epic,favorite,hardhomme,least,no,one,ridiculous,stare,that,the,unbeleivable
bread,dude,fukc,i,lost,morning,my,same,spectacles,strong,this,we
bad,gives,me,memories,name
all,and,be,cereal,get,gross,in,milk,mushy,name,oh,soaking,stuck,the,they,until,will
but,do,for,have,it,now,say,sorry,sucks,that,to,will,you
agenda,an,anytime,awful,can,down,force,government,he,his,just,legislatively,pass,precedent,president,set,shut,something,t,that,the,through,to,would
cant,flavored,hate,how,i,mint,much,s,stand,t,that,toothpaste
a,be,condescending,cringey,got,has,i,in,most,on,reddit,seen,the,thing,to,tyl,ve,while
a,game,i,in,is,lot,mean,of,so,stupid,tbh,this,ways,well
but,circumcision,d,foreskin,going,have,here,i,involving,love,me,of,on,s,some,sort,there,thing,to,trust,weird
a,all,and,can,factory,febreeze,from,got,in,like,lysol,panic,position,re,slowly,smells,spray,stuck,suffocating,that,the,trash,we
dreadful,me,netflix,penny,season
a,and,beating,comparison,detailed,disgusting,explicit,fantasies,girl,his,is,little,makes,me,of,part,ridiculous,sexual,that,the,thing,think,this,whole
and,another,child,everyday,father,from,his,keithlamontscott,media,scroll,social,taken,through,up,wake,was,when,you
annoying,are,idealogues
change,foh,lewis,lost,name,raylewis,remus,theydontlikeyoueither,uncle,unwoke
all,and,came,here,i,leave,ll,m,name,see,to,we,what,with,you
as,comment,credit,give,is,me,meme,much,that,the,too,trash,you
a,bet,blessing,for,from,having,he,hearing,him,i,is,it,loved,me,media,messaged,mum,not,s,she,social,such,though,weird,your
doomed,everything,far,from,game,hate,have,i,is,it,saying,seen,that,then,there,this,thus,you
all,bringing,fucking,giants,hell,on,re,the,they
complicity,have,interference,keithrothfus,no,obviously,problem,russian,russianhacking,sad,silence,treason,with,you,your
and,before,depressing,it,just,life,me,most,movies,my,of,one,seriously,the,was,watched,wow,you
all,amarnathterrorattack,amitshahoffice,arunjaitley,care,fr,in,lv,n,narendramodi,officeofrg,opstn,politicl,ppl,prties,the,whn
a,about,amp,behold,creeps,datelinenbc,gives,in,is,me,person,shudder,sight,smell,sound,still,the,think,this,to
a,but,don,fearsome,feel,giant,i,jump,know,more,movie,scare,sharks,squid,t,than,that,was,why,worse
a,be,because,clown,guardian,guardianaus,is,might,next,nightmare,president,probability,realistic,that,their,there,uspol
a,be,for,model,not,should,snap,welfarereform
corn,creamed,find,for,foreseeable,future,going,her,in,now,panties,planning,poor,s,she,tehe,the,to
comment,imagine,ok,on,post,shame,thinking,this,to,was,you
a,am,at,been,even,have,in,it,makes,never,on,out,road,should,that,the,they,towing,vic,was,washed,which,worse
anything,aunts,behavior,disgusting,dont,for,give,her,im,is,loss,sorry,your
believe,is,me,much,tlj,worse,you
a,ad,and,are,big,chested,childhood,cover,double,drunk,i,implying,in,it,meaning,model,pose,problematic,since,slogan,suggestive,the,they,ve,were,what,with
addictive,and,burn,decent,don,help,if,is,it,need,t,to,tobacco,weed,you,your
a,and,boy,factor,his,is,leader,limiting,no,paid,raped,silence,the,young
a,are,banality,century,cruelest,dullards,evil,for,gormless,in,it,of,pack,people,room,s,st,the
a,after,bit,by,its,of,offer,recommend,song,strokes,the,their,them,they,to,told,weird,you
about,ahsaftershow,and,horror,hunks,i,mamasitas,miss,need,of,seriously,talk,the,therealedhansen,to,trixiemattel,with
been,cause,ever,im,ive,just,lol,naynay,pretty,sad,saturday,since,super,sure,whores
a,and,as,cheer,drink,flanneljedi,i,is,myself,re,the,this,to,up,watch,way,why,worst,you
a,any,at,availablecar,burst,can,disgraceful,driving,hands,is,left,mistakes,moment,of,on,round,that,the,their,tyre,wash,way
advice,ashamed,be,ever,for,i,is,it,posting,read,should,the,this,ve,worst,you
hideous,she,sounds
believe,can,comment,cut,final,i,it,made,so,t,terrible,the,was
a,as,blood,but,got,in,like,poor,redhead,that,the,true,vampired,virgin,worse
advice,blindly,can,debate,don,give,is,it,like,obey,one,probably,question,s,saying,t,the,us,worst
afraid,are,because,blackmen,large,of,sherrieshepherd,whitepeople
a,escaping,growl,him,low,oh,unknownandyoung
an,and,coworker,daughter,ever,his,i,loss,mourn,of,old,one,saddest,seeing,seen,the,their,things,ve,was,wife,year
a,bad,bating,close,for,gotta,is,just,know,name,out,s,that,those
a,an,awful,being,has,he,history,human,like,looks,of
and,beach,considering,especially,fresno,long,name,state,to,weird,went
bridge,eats,find,goat,goats,i,ll,m,no,out,that,the,they,troll,under
are,bits,creepy,fleshy,general,genitals,in,just,kinda
acknowledges,bible,for,gods,i,it,kind,mean,miss,of,other,part,re,reasons,s,selfish,that,the,they,we,weird
ever,i,laziest,seen,team,ve
disgusting,floors,paneling,that,those,ugh,with
ahh,and,any,back,bush,can,chooks,come,culturally,gags,get,i,inappropriate,lit,ll,make,mate,on,reich,then,third,time,we
beat,character,d,face,going,guy,i,in,is,name,on,say,show,the,was,who,worst
a,an,b,bcci,be,been,colors,have,hitter,if,in,match,mccullum,national,nightmare,odi,or,t,the,their,thtest,virendersehwag,would
being,depress,here,literally,makes,me,tbh
active,ahead,all,any,are,don,early,education,for,go,hard,is,kids,life,makes,money,participation,rich,s,still,t,then,think,those,training,what,without,worthless,you,your
board,but,couldn,even,get,him,i,loathe,lynching,name,not,obnoxious,on,t,that,too,twat,with
bizarre,could,establishment,every,food,get,it,just,like,menus,of,or,other,pictures,rational,s,so,we,with
a,are,dubious,experimental,it,many,practices,psychology,s,shame,so,statistical,still,studies,such,that,using
awful,for,i,loss,m,so,sorry,thats,your
ain,and,boy,creeps,gives,in,it,me,right,scotland,t,that,the,yessir
disgusting,is,this
but,despair,driver,for,like,mean,other,patblanchfield,so,someone,than,the,uber,you
bockaguyjim,by,generalgoodsman,losers,mchorsefayse,nevernotdavid,on,owned,sad,so,twitter,were,you
completely,disgusting
as,floor,happened,he,if,incorrect,is,it,ruling,says,the,was,which,why
another,be,best,bournemouth,can,confident,experience,for,hope,i,is,last,m,never,of,our,sad,successes,they,to,will,wysdaily,yrs
and,beating,children,emotionally,his,like,looks,not,of,out,physically,shit,the,then,was,wasted,wife
an,that,ugly,v,was
and,bend,break,heart,make,my,shake,you
carpet,karenl,replace,shocking,the
absolute,and,for,good,is,reason,s,sd,shit,that,the,there
a,do,grieve,how,legally,person,someone,t,u,wasn,who,yet
are,did,guarenteed,i,non,on,packs,really,the,think,those,worst,yeah
a,clown,creepy,enoughisenough,in,jordyn,mrscassonc,neighborhood,there,was,your
are,brain,dead,idiot,really,that,you
a,atlanta,car,crash,dads,died,favorite,fiery,in,just,my,of,one,rappers,sad,so,throwback,today,top,wow
again,announced,be,by,cisco,don,faint,if,ios,new,patched,re,shocking,t,they,this,users,vulnerabilities,week,were,what,would,yet
are,but,earned,his,in,it,killed,love,my,name,packers,people,ridiculous,sometimes,spot,sub,thank,this,you
and,any,as,ashamed,be,blasphemy,for,human,is,level,name,on,putting,sacrilegious,same,should,spreading,such,the,you
better,half,i,it,liked,naked,name,was,when
a,nope,re,weirdo,you
about,as,hate,here,how,huns,in,most,much,of,pretty,rangers,s,spend,talking,that,the,threads,time,weird,well,you,your
ever,favorite,insult,my,s,that
be,done,horrific,is,just,needs,omg,rosskemp,something,that,to
agent,away,bcuz,bwi,day,deltaassist,earlier,flt,get,it,late,let,on,other,pas,silvereliteleftbehind,then,tried,turnd,was
a,can,da,dat,flag,flags,i,jbanks,lbs,lead,league,missed,n,no,offense,points,pull,redzone,score,t,td,that,to,took,trips
and,description,even,friends,from,gagging,her,i,just,look,m,must,provided,reeks,smell,the,this,tweet,way
chicks,his,off,pubes,seat,stealing,the,this,toilets
back,butt,i,into,it,my,poop,then,you,your
an,and,disgusting,he,is,likes,old,song,young
anymore,birmingham,carriages,commute,dobetter,friday,hereford,londonmidland,no,on,only,room,stand,to,two,unhappy
at,crying,jerk,like,looking,mirror,off,re,seems,while,you
be,confused,disgusting,face,he,knew,meant,pretended,s,save,that,to,what,you
about,campaign,creepy,extra,his,in,light,looks,of,recent,revelations,the
also,collecting,entitlements,is,not,paradox,still,the,theft,then,working
all,fumbles,name,oh,the
be,my,never,or,scat,thing,vomit,will
cjjjjjjjj,fuck,yesssss
depressing,in,is,life,my,one,word
depressing,favourite,highlighter,hit,it,on,pan,pretty,s,u,ur,when
all,as,but,hell,holy,not,palms,really,s,sweaty,that,uncomfortable
a,filthy,if,know,peasant,ricefield,such,t,weren,would,you
disgusting,feminazis,fuck,hijab,trash,your
also,because,dog,is,it,like,looks,treats,weird,which
and,awful,bed,before,cheese,d,didn,dreams,eat,even,had,i,last,lovemysleep,night,nightmare,really,strange,t
awful,how,name,oh
ever,i,play,power,seen,that,the,ve,was,worst
anyone,cause,constantly,else,for,hates,having,he,his,more,name,no,on,other,petry,puck,reason,stick,team,than,the
a,affliction,al,amaity,de,ir,joaquinputoamo,the,vas
been,character,deduced,from,hairstyle,hated,he,in,lidong,most,s,show,since,the,then,they,umbrella,was,yes,zhao
a,and,as,declined,he,honoring,in,isn,multiple,name,nomination,primary,ran,senate,shit,t,the,then,times
a,and,blood,but,concern,dad,dear,doctor,drawing,from,gawd,has,is,liking,me,my,needles,nice,o,over,poking,post,prodding,taken,to
and,be,been,but,depression,everyone,exposing,have,helping,him,if,judging,on,shouldn,t,to,too,u,you
back,control,hospitals,in,labs,normalize,pandemic,private,public,put,remove,testing,then,would
creepy,is,really,this,whoa
a,and,bad,but,creek,dump,heard,i,it,maybe,next,ranch,s,shadow,smells,to
and,aqpk,even,expected,hilarious,no,one,remember,than,too,was,which,will,worse
agree,and,blind,but,civil,clause,de,do,exams,facto,grandfather,in,jure,literacy,post,racial,racist,that,usa,voter,war,were,you
a,bohemian,but,great,had,horrible,is,lot,of,one,queen,really,rhapsody,song,songs,t,that,them,wasn
alcohol,back,bad,can,chronic,from,had,i,pain,really,remember,self,she,so,treating,was,what,with
a,allowed,at,everyone,for,go,goal,he,least,makes,mistake,mistakes,only,tho,to
a,afternoon,and,chilly,cigar,congresscritters,cspanwj,damper,four,good,has,is,my,nasty,not,on,put,rain,thing,this,tomorrow
i,is,like,name,now,really,she,the,to,used,worst
continue,drive,i,is,my,point,the,thinking,to,way,weirdo,were,will,you
badass,he,pretty,s
get,ils,irrelevant,over,ppl,r,re,smiling,they,triggered,u
and,believe,but,disappointing,drugs,he,his,i,in,involved,mother,quite,response,s,t,was,wasn
a,after,asked,bad,bully,did,he,him,if,joshgad,like,man,me,mute,my,old,s,said,saying,son,three,trump,was,we,year,yes
always,child,dumb,from,kids,seat,secure,so,take,the,them,theyre,wtf,you
chase,don,fame,going,it,nchasing,nif,nto,nwhen,nwrdsmth,re,resent,starts,t,you
all,and,drops,fine,it,map,name,og,on,other,s,same,ssd,terrible,were,with
as,creepy,does,downright,he,if,inappropriate,it,keep,quiet,s,testing,that,things,will,you
a,disgusting,filth,of,piece,youre
a,arrest,be,called,cardiac,cut,finger,going,jonnyp,like,medchat,medicnow,out,so,that,to,turned
alarm,but,i,innocentia,ll,m,n,nap,scared,set,t,tomorrow,up,wake,wanna
bears,suck
forcibly,is,making,nothing,people,striving,though,with,wrong
be,can,context,horribly,of,out,taken,this
and,as,celulose,corn,cyanocobalamin,fillers,it,just,like,mcg,me,of,s,seemed,some,starch,to,weird,well,with
pretty,shit,tbh,with,you
a,and,blankets,eternal,hoody,mope,no,still,sunshine,to,two
above,all,already,coffee,cream,disgusting,drinks,he,know,liquids,not,s,we,with
anybody,doesn,dreadful,i,know,penny,t,watch,why
do,don,go,in,just,know,life,lost,next,or,t,to,what,when,where,you
a,bottle,hate,nalgene,plastic,switched,taste,the,to
iaindale,in,is,lbc,moist,my,only,opinion,scrape,shudder,than,the,ugh,word,worse
a,bad,because,bingo,bit,deleted,if,it,just,of,person,s,seems,she,showed,snapchat,then,to,up,you,your
be,disgusting,embarrassed,he,is,should,that
awful,is,that
bald,leaves,me,papaoutai,still
absolute,born,despair,from,has,he,hope,just,komaebun,of,that,thinking,wants,way
a,and,bad,bill,coming,from,her,high,housing,i,in,is,left,mouth,my,name,of,opinion,say,someone,taste,that,this,very,will,with
a,and,calling,creepy,dress,for,gross,is,just,kid,liking,little,misogynistic,or,play,sexualized,this,thread,to,trashy,up,weird,whole,yeah
a,aggravated,and,assault,cruel,for,him,hook,just,officer,on,police,s,that,unusual,up
a,been,could,eating,for,have,lady,leather,processing,re,sent,skin,steadi,tannery,that,to,you
and,anus,man,middle,my,out,seed,skins,skip,squish,the,them,up,vomit
a,be,borderline,call,college,egregious,football,i,in,it,mean,missed,really,targeting,was,would
application,bullshit,deloitte,is,it,some,t,that,was,wasn
a,amp,body,death,doubles,fooled,for,hawkings,her,is,just,like,long,msm,now,rejoicing,secret,so,that,these,they,us,ve,with,xmaseveevil
adults,and,are,as,begins,children,consenting,even,for,have,illegal,its,like,long,not,parents,relationship,sex,siblings,the,they,to,when
a,badly,find,for,i,need,so,term,this,to
an,as,attack,can,have,horrible,interview,ll,long,manages,most,only,people,questions,re,she,someone,t,the,they,to,who,willing,with,your
a,also,although,around,be,been,but,button,everyone,for,fuck,healer,i,maiming,me,name,recently,to,ve,want,when,you
ambulance,an,and,as,blood,but,called,cops,covered,disoriented,he,how,in,just,not,seeing,the,they,was,why,wondering
also,another,did,difficulty,do,gave,hard,has,i,in,it,just,line,m,maybe,me,on,playing,quest,something,this,to,weird,with
her,i,m,not,unpleasant,with
amp,and,been,blanchardstown,centre,figured,for,i,in,is,lost,marks,now,only,out,over,s,shopping,spencer,today,where,working,years
dull,friday,kinda,untypical
all,at,be,having,is,it,sex,to,weird
can,comments,even,i,please,t,these,with
gets,it,longer,look,the,worse,you
fake,news,very
administration,all,cut,fetal,his,hiv,misleading,not,programs,specifically,still,stuff,sucks,though,tissue,title,using
forgot,in,nightmare,overnight,phone,plug,the,to
been,hands,must,sweaty,their,ve
bothers,doesn,he,it,me,respond,s,t,texts,that,to,weird,your
bad,even,feel,for,house,i,if,in,interest,it,s,self,slaves,their,understandable
creepy,re,you
and,because,it,nobody,s,stupid,that,wants
always,am,driving,following,have,home,i,m,me,my,of,pants,paranoid,people,pooed,when,would,yikes
haked,half,if,me,name,pictures,reminds,sayings,she,ugh,vague,with
a,blessed,brand,car,disgusting,has,it,like,literally,me,name,new,re,s,she,so,submissive,with,you
hate,i,u
ima,kitchen,sink
a,is,kind,now,of,special,stupid,that
amount,disgusting,of,oil
an,for,gloomy,hour,literally,megalvz,was
a,car,current,go,gone,grim,hopefully,might,milk,my,new,of,off,on,one,radiox,stinks,to,tomorrow,win
also,horrible,hydrating,important,is,it,makes,meat,taste
a,child,do,hard,hell,it,joyful,life,little,lives,make,middleeasteye,peace,s,so,take,their,to,we,why,work
end,full,mondays,of,the,weeks,when,will
a,at,back,branch,chainsaw,cousin,exact,far,forehead,got,himself,his,i,killed,punched,related,right,that,the,this,way
a,biology,day,department,dull,got,in,never,paid,poop,rat,the,to,up,vacuum
a,actually,be,believe,bigger,but,d,didn,have,he,here,him,i,if,is,name,offer,reported,stunned,t,than,turd,what
hate,i,it,thanks
a,are,but,don,fav,great,haven,horror,in,like,make,movies,my,one,seen,t,them,they,too,used,years
city,crescent,get,guys,hope,i,sucks,that,the,you
also,but,can,feels,he,here,his,just,music,now,own,player,playing,restless,scrolling,so,some,t,through,tired
hate,i,name,those
a,and,birthday,bunch,doing,happy,i,laundry,m,me,of,s,show,strangers,that,to,watching,with
alone,and,calls,code,d,day,even,for,grandparents,green,home,if,isolation,it,more,my,nope,not,return,skip,still,telling,test,tests,to,us,we,with
bees,can,i,m,me,scared,t,terrify
a,at,don,just,need,question,shout,simple,t,them,to
but,could,death,from,he,himself,ironic,not,others,save
any,bus,companys,doesnt,employies,excuse,find,happened,it,matter,retail,the,their,throw,to,under,where,will
and,childish,host,hurts,is,it,of,physically,s,sarcasm,sense,so,superiority,terrible,that
be,could,funky,town,worse
a,in,is,of,sort,this,way,weird,wholesome
greasy,too
after,bolted,can,chinese,disagree,fastest,gotta,heels,i,mention,nap,our,run,says,she,shook,t,teacher,tv,whoever
is,lame,this,uncomfortably
cared,i,never,on,put,sunglasses,the,they,until,was,who
a,bit,creep,honestly,me,out,this,would
also,and,apart,because,but,families,happy,hate,i,is,it,makes,me,sad,seeing,so,sweet,this,torn
a,about,also,am,been,fishing,for,friends,has,i,jump,month,my,now,story,take,terrible,the,to
and,ariel,barbaria,because,brutality,for,hilarity,hot,julian,king,korgoth,malkarii,of
a,ago,by,continuous,disgusting,houston,i,is,iso,it,s,said,still,that,this,to,watch,year
abused,be,hard,so,that,would
anymore,em,even,hes,no,of,scared
about,and,brown,care,don,his,i,if,just,keep,name,out,people,security,supporters,t,that,they,to,told,want,what,you
clumsiest,dude,i,promotion,s,seen,that,the,ve,wow
i,is,love,more,real,says,seriously,she,the,though,when,worst,you
a,and,floor,found,had,i,masturbating,naked,on,patient,repeatedly,the,was,who,woman,young
he,homophobic,is,isn,name,openly,secretly,t
deutschland,in,is,rotten,something
abuses,abusive,become,blameless,grows,is,kid,pedophile,the,to,up
btw,but,i,insidious,is,love,manipulation,mother,my,thing,this
a,are,chicks,don,dude,everyone,fucking,get,goober,good,know,let,my,stars,t,to,way,you
a,antisocial,goingcrazy,helpme,im,insane,nervouswreck,not,pileup
all,been,day,entries,ever,horrific,i,is,it,me,most,of,one,quietly,reams,s,seen,the,things,those,ve,with
a,err,fake,just,oranger,s,shade,she,still,tan,weird
actually,bleach,fair,few,fuck,last,on,songs,the
block,city,in,is,of,one,probably,specific,that,the,worst
anyone,forced,in,is,prison,to,work
grimy,i,of,shudder,the,theurbanologist,think,to,tunnels,tweets
condition,dad,day,every,game,however,in,it,much,my,s,sweater,that,wears,worse
and,breaking,does,doesn,extreme,fan,matter,news,over,something,sports,stupid,t,that
his,is,rookie,season,since,this,worst,year
bad,crap,holy,movie,that,was
as,boi,bullied,got,hell,in,is,minnesota,name,soft
horrible,is,name,oh,this
also,an,awful,being,disgusted,had,i,involved,involving,nightmare,sick,so,up,was,were,when,where,woke,worms
anxiety,give,how,know,lgm,mets,someone,these,to
believed,by,disgusting,disturbed,ever,everything,going,have,headed,i,is,it,m,never,on,people,s,so,this,were,where,would,yeah
a,dirty,disgusts,have,he,his,in,liquor,malt,me,men,name,nasty,needs,pos,such,was,wifebeaters,with
an,curbing,irony,lecturing,on,pakistan,terrorism,the,undp,unhumanrights,wat,world
a,adversely,affected,gonna,guess,hazard,saints,the,they,worse
even,guys,he,it,paid,set,someone,to,up,worse,wow
is,nasty,nsfw,this
a,and,anything,depression,dissociating,else,equals,hunger,probably,so,time,weird
a,and,between,difference,fosu,having,is,league,mensa,minutes,nightmare,premier,reserves,still,wide
damn,directly,do,front,how,page,post,something,the,to,you
aldub,be,can,cheerfulness,early,extremely,morning,ndweeksary,obnoxious
a,about,ago,at,back,china,dumps,garbage,how,i,much,news,numbers,piece,read,sea,staggering,the,then,were,years
and,college,excited,exhausted,from,hopeful,making,pessimist,returner,sick,that,to,transition,yearly
a,access,and,called,can,cause,drive,her,illegal,into,is,it,lose,making,menacing,ocean,or,s,sisters,terroristic,the,threat,threatening,to,your
about,all,at,he,husband,isn,lie,one,reputation,s,since,something,spread,t,the,think,to,who,worried,your
and,but,ice,is,name,really,rip,scum,vanilla
brooklyn,definitely,dude,off,that,was,wtf
ashamed,banging,be,disgusting,excuses,for,in,no,of,s,sales,should,someone,that,you,yourself
dread,making,me,this,tonight,weather,work
architecture,been,but,d,different,for,form,have,i,if,it,maybe,narcissusheiyan,oppressive,people,sixth,stayed,still,the,uninteresting
a,canal,disgusting,feel,fingers,i,imagine,least,like,made,of,option,or,out,penis,s,that,the,vaginal
and,any,be,been,bissexual,both,either,friends,i,it,love,m,never,of,problem,s,say,sexes,should,so,tbh,there,tho,to,way,weird,you
alex,alright,and,blast,boy,have,i,music,neighbors,party,who
bosnaud,code,cryptic,feathers,he,in,resorted,ruffle,scared,so,to,unclecamscabin,writing
awake,is,keeps,shitty,taste,the,what,you
all,have,i,it,just,mark,mess,nsfw,people,seen,title,to,week,with,worst
about,all,also,and,are,at,completely,cruel,dark,execution,find,how,in,informed,is,it,left,likely,never,noone,out,relatives,s,the,their
addict,and,artists,blocks,cats,coffee,gt,hedonists,mylittlepwnies,n,terrorism,writers
announce,feel,how,need,the,themselves,they,to,weird
again,an,and,awful,do,doesn,has,hc,he,his,in,is,it,repeatedly,s,said,t,to,want,was
a,and,being,get,good,him,kid,makes,murder,name,oh,see,sense,so,then,to,tries,we
but,disgusted,i,m,not,say,shocked,to,want
a,disgusting,is,person,she,what
brutal,piece
broadband,bt,is,now,regretting,shocking,shouldofgonewithvirgin,signing,uk,up
cuddle,guy,his,i,if,in,is,law,s,sister,this,tired,too,wife,with
a,and,arrogance,but,can,certain,fine,for,have,i,is,lose,never,others,respect,s,should,that,the,think,what,you
almost,because,brushing,darn,from,gone,good,have,i,it,lord,near,never,of,off,something,to,vomiting
badass,it,just,more,normally,people,quote,read,s,sounds,stupid,the,this,way,when
and,be,breezy,days,forgot,going,halfway,i,it,longday,mombrain,of,on,one,put,realize,s,those,to,toomuchgoingon,underwear,work
disgusting,looks,that
a,ask,bit,car,chafford,could,dark,hundred,lights,nights,on,park,sainsburys,scary,store,thanks,their,these,to,turn,you,your
a,about,box,china,corrupt,dada,extradition,guanxi,has,idea,in,into,jt,might,murky,no,pandora,s,that,this,toad,turn,vanre,vs,whole
dull,how,roads,swp
a,ew,her,is,photo,slut,text,touching,what
afghan,and,bad,bode,certainly,does,for,girls,not,option,statedept,that,well,woman
damn,fuckin,must,name,she,stink
feel,i,intimidated
abt,amp,controlled,development,he,his,how,in,incredible,is,laughter,nawaz,of,pak,pakistan,said,sharif,talked,terrorism,that,victim
a,any,bad,by,hope,horrible,i,imagination,imtarakate,not,of,person,re,realizes,really,s,stretch,that,the,this,uggh,you
amusement,because,does,doesn,for,get,it,just,kill,literally,mean,not,re,t,them,they,though,to,vertebrates,we
abuse,bastion,before,can,him,i,is,it,just,more,now,op,still,super,tbh
a,bruise,door,fingernail,fingers,he,his,in,it,like,looks,nasty,s,shut,smart,so,that,the,under
be,cliche,doesn,ended,for,go,hopefully,i,less,liked,more,name,or,practice,private,so,something,t,terrible,that,the,way,would
disgusting,distilled,doxxed,hatred,him,is,it,just,lifesite,news,pure,s,that,website
blocked,constructive,criticism,gave,give,heather,hope,laura,lazy,mcdermo,much,no,now,retire,rogerc,same,she,so,u,up,with
sucks,that,well
a,absolutely,crime,forces,her,if,into,is,man,not,penis,re,s,smoking,sure,that,vagina,what,woman,you
all,do,energy,giving,i,is,name,some,that,weird,wish,would,y
a,call,close,had,he,like,phew,sounds,there
belts,f,n,those,ugly,with
about,care,couldn,gotham,haven,horrible,i,it,kamper,less,mid,of,point,ryan,season,since,smb,t,the,watched
and,because,confusion,discussing,i,in,it,last,night,resentment,s,sex,the,thing,was,weird,writing
is,nasty,smoking
a,and,but,distracted,edited,getting,haircut,i,little,meant,s,that,to,voters,was,what
at,fuck,he,least,off,please,polite,was
ain,eats,he,i,lying,seen,t,tacos,the,ve,way
but,city,country,group,guess,i,in,it,its,largest,th,the,them,to,together,weird
a,fuckin,men
am,awful,but,calling,for,him,i,of,out,proud,s,that,you
disgusting,truly
balls,hurt,i,in,it,kick,ll,more,the,then,when
d,disgusting,end,freaking,her,i,just,kid,my,never,nothing,see,tell,that,the,weirdo,would
her,horrid,outfits,past,season,this,were,yea
after,alright,and,avatar,earth,films,genuinely,happening,he,s,terrible,the,were
and,anything,belongs,fans,her,here,literally,name,regarding,weird
a,badly,name,need,so,they,union
killed,me,name,part,that
around,arrows,be,d,green,have,it,running,to,two,weird,yeah
a,allergies,and,be,car,care,don,forced,i,messy,shouldn,suffer,t,to
a,be,chirp,girl,i,refuse,to
betrayed,everybody,fed,i,m,name,this,up,with,world
after,bye,cheerfully,cohends,garbage,it,yell
and,are,disgusting,insane,people
dare,disrespect,how,like,name,reijka,that,u
fast,fishing,for,in,just,lane,sitting,the,tickets,ugh
a,bushes,but,don,eastern,i,in,knew,lot,of,people,ridiculous,s,suburbs,t,that,the,their,trim,well
a,bad,beyond,biological,child,control,father,for,him,kicking,makes,objectively,out,their,trait
a,act,an,first,i,imagine,itself,m,me,nytimes,of,president,response,terror,terrorizes,the,thought,to,trump,trying
blinders,friends,hate,have,i,is,it,of,on,one,people,the,their,when,who
a,and,butt,defended,drugged,girl,he,name,old,raped,when,year
all,and,bad,characteristics,good,takes
attracted,being,creepy,is,other,sure,to,yeah,yearolds
a,boyo,grumpy,he,s
and,away,hate,him,hope,i,if,in,name,no,pelicans,see,the,them,they,to,trade,waste
custom,jerseys,like,look,madden,made,make,newenglandpatriots,on,ones,some,that,these,to,tried,whack,when,you
a,amp,awe,bigdaddyx,cats,dogs,have,i,m,snake,sorry
and,can,diversity,fans,felt,her,humankind,moon,of,off,pack,please,the,to,truly,we
a,also,disgusted,harsh,noooo,when
are,dumb,fucking,name,people,so,you
accidentlyspillbeeronthecarpet,carpet,cleaning,it,leave,nimber,of,on,rule,there,worsethananatomicbomb
accent,bad,but,connect,don,end,if,internet,need,no,procedures,spanish,stinking,t,the,then,to,you
hell,holy
a,bad,clearly,had,he,practice,wednesday
bad,glee,is,it,kurt,literally,me,that
exsists,internally,is,kills,latin,me,pig,plastic,surgery,this,why
briardpup,did,dogworldnews,fur,get,pal,shocking,the,they,wrong
and,awful,combination,continuing,defense,god,in,lapses,of,pp,sabres,saga,the
a,are,engagement,held,higher,in,level,of,officers,our,police,rules,sad,soldiers,than,to,war,zones
are,serious,you
goop,s,the,website,what
been,have,much,music,scene,that,the,without,worse,would,yeah
absolutely,are,calls,damning,first,in,minutes,phone,the
again,cbsthismorning,discourage,doesn,edt,fail,newsgirl,profiling,september,t,terror,trump
a,and,buying,chests,godlike,holding,i,in,is,it,on,prefer,skin,the,to,until,want,winner
another,awesome,behalf,being,in,more,my,native,need,non,of,offended,on,paternalism,rice,robertb,saidnondnever,the,we,world,you
about,act,cares,could,everything,her,is,like,nothing,only,opinion,profit,public,selfishness,someone,staggering,this,to,who
africa,and,forward,hard,has,makes,moving,overpopulation,problems,starvation,tremendous,tribalism,unique,war,which,with
beaten,branded,but,campaign,could,either,energy,establishment,george,h,have,he,his,is,low,not,others,s,son,the,thehill,trump,unhappy
a,and,bum,crawls,fear,havin,life,long,of,shit,spider,up,ya
able,age,and,be,cut,did,hire,hollywood,i,iamnotatwit,in,lie,my,off,or,spry,thegoldbergs,to,years,young
a,at,by,country,epicentre,global,human,india,is,itself,of,pakistan,preaching,reply,right,rights,the,unga,which
antifasupporter,bush,don,giggles,hipocrite,liar,mean,nancypelosi,no,t,troublemaker,trump,you
and,announcers,card,ending,enough,favorite,fighting,games,his,it,me,my,of,old,over,part,racing,reminds,s,school,sting,that,the,those,title,top,videos,weirdly,with
believe,bound,can,dad,disabled,facility,for,go,haven,my,no,now,parents,ring,say,shocking,t,they,to,tomorrow,washing,wheelchair,when
dealerships,is,the,with,working,worst
comments,gardeners,hys,internet,is,it,like,look,makes,question,section,the,time,worst,youtube
envious,i,m,name,now,of,right,so,yeah
account,be,but,didn,for,here,i,is,it,obnoxious,one,possible,so,t,think,to,twitter,was
after,day,days,even,get,i,if,it,ll,more,national,off,only,probably,s,straight,then,work
but,destroying,future,help,home,in,process,right,robots,thats,the,there,to,trying,whole,your
and,are,babies,do,just,make,me,nasty,opiates,puke,science,so,the,there,where
and,disgusting,inside,out,people,re,they
came,can,game,he,if,out,question,shut,somewhat,the,then,up,valid,was,when,yeah
a,nasty,such,woman
fuckin,name,sucks
are,believe,can,charged,clench,eww,for,i,just,literally,made,my,samples,stomach,t,that,the,they
a,and,as,at,average,discouraged,dpt,even,feel,for,gpa,had,i,kin,look,major,more,now,pretty,programs,solid,that,the,thought
a,advocates,bad,believing,communism,got,head,in,into,is,just,kicked,private,property,society,stateless,the,they
children,feel,if,learn,live,ridicule,shy,they,to,with
a,around,back,does,hips,in,is,make,not,pencil,sense,skirt,slit,swishy,that,the,tight,with
a,awful,awfulness,by,disturbing,done,feel,for,i,incredibly,is,its,like,makeup,more,not,professional,purposeful,shock,sub,theatrical,this,unintentional,value,well
from,on,perilous,sporadic,the,tube,tweeting,wifi
here,i,is,mean,right,shit,some,this
bentleysystems,configurations,despair,done,hast,oh,thou,thy,to,what
all,at,festival,fucking,gross,look,that,the,trash
a,absolute,an,and,bit,bus,cake,car,crash,horror,i,icing,in,m,my,on,shaking,still,terrible,the,this,was,week
forbid,heaven,s
anything,awkward,i,it,more,saw,than,the,video,was
banned,be,disgusting,free,is,its,need,our,sites,society,to,tube,where
adults,and,ash,childhood,drank,every,foolish,got,how,i,ignorance,much,refused,scolded,since,stuff,swallowed,this,time,ugh,ve
afterwards,cake,do,doubt,enjoy,for,i,icing,is,it,just,killers,killing,on,serial,stuff,the,them,they
awful,i,m,sorry,sounds,ugh
awful,dear,is,lord,this,woman
a,about,dream,isn,it,like,more,pipe,really,s,t,talking,that,thinks,worth
a,all,before,dangerous,ever,hand,one,ride,scooter,shit,to,try,was,with,y
a,an,and,attractive,butt,d,down,exposing,falling,go,he,her,it,on,s,so,such,that,thing,to,weird,woman
are,as,at,be,but,comfortable,day,during,is,it,ll,nap,never,night,nightmare,sleeping,so,the,when,why,you
all,arbitrary,council,fits,hikes,into,it,localities,no,one,said,size,state,test,the,turned,yet
burning,is,me,medicine,the
everyone,hated,i,name,thought
beautiful,colors,cry,in,is,it,makes,me,richness,so,the,this,those,ugh,wanna
and,apples,covered,like,lovely,mold,more,oranges,rotten,shiny,with
celebrity,cheap,feels,internet,iq,itself,low,means,now,shameless,the,vulgar,word
lonley,overwhelming,pass,sadness,shall,startingover,this,too
are,there,things,worse
about,agreed,an,any,as,do,doesn,endgame,feel,girl,he,how,pick,rumors,t,that,the,you
about,after,as,been,blaine,close,continue,dead,glee,has,honevbee,i,mug,my,of,shots,talk,to,ugly,up,years
and,because,decent,gonna,hate,haydel,i,icing,is,m,of,randazzo,s,say,ships,terrible,that,their
a,and,bad,disgusting,don,have,i,idea,much,really,s,say,straight,t,there,to,up
a,anthony,bill,breaks,clinton,didn,dming,every,exist,heyday,his,in,new,of,prayer,revelation,says,t,texting,thanks,that,time,weiner
for,hungry,money,that,too
a,am,chase,clear,cry,door,expecting,fear,fool,i,indoor,just,my,na,nam,nbut,open,out,path,rat,seems,silent,to,voice,weak,wise
a,as,b,because,bit,exactly,odd,plan,same,the,was
a,concern,david,deselect,encouraging,for,gambieranger,his,is,leader,many,of,osland,such,supporters,to,us,which,who,why
abuses,disgusting,downvoted,eugh,for,getting,her,in,is,it,kids,literally,live,out,pointing,re,s,she,society,that,the,this,we,wow,you
a,is,joke,somersetccc,this
